site,data_collector,date,plant genus and species,time_start,time_end,minutes_sampled,notes,data_enterer,
mee,cs,17vi2020,Anemone canadensis,923,1000,10,,CS,
mee,cs,17vi2020,Viburnum opulus var. americanum,1010,1119,10,,LL,
mee,cs,17vi2020,Cornus sericea,1142,1202,10,,LL,
mee,cs,17vi2020,Silene vulgaris,1214,1233,10,,LL,
mee,cs,17vi2020,Anemone canadensis,1255,1320,10,,LL,
mee,cs,17vi2020,Viburnum opulus var. americanum,1332,1346,10,,LL,
mee,cs,17vi2020,Cornus sericea,1348,1402,10,0 bees,LL,
mee,cs,17vi2020,Silene vulgaris,1412,1424,10,,LL,
mee,cs,18vi2020,Silene vulgaris,908,931,10,,LL,
mee,cs,18vi2020,Cornus sericea,939,954,10,,LL,
mee,cs,18vi2020,Viburnum opulus var. americanum,1002,1030,10,,LL,
mee,cs,18vi2020,Anemone canadensis,1043,1110,10,,LL,
mee,cs,18vi2020,Silene vulgaris,1126,1134,10,0 bees,LL,
mee,cs,18vi2020,Cornus sericea,1142,1153,10,0 bees,LL,
mee,cs,18vi2020,Viburnum opulus var. americanum,1200,1238,10,,LL,
mee,cs,18vi2020,Anemone canadensis,1259,1317,10,,LL,
mee,cs,19vi2020,Cornus sericea,905,921,10,,LL,
mee,cs,19vi2020,Viburnum opulus var. americanum,924,1006,10,,LL,
mee,cs,19vi2020,Silene vulgaris,1023,1035,10,0 bees,LL,
mee,cs,19vi2020,Anemone canadensis,1041,1105,10,,LL,
mee,cs,19vi2020,Cornus sericea,1135,1146,10,0 bees,LL,
mee,cs,19vi2020,Viburnum opulus var. americanum,1149,1213,10,,LL,
mee,cs,19vi2020,Silene vulgaris,1227,1240,10,0 bees,LL,
mee,cs,19vi2020,Anemone canadensis,1248,1333,10,took call in the middle,LL,
mee,bh,17vi2020,Cornus sericea,926,941,10,,LL,
mee,bh,17vi2020,Silene vulgaris,948,959,10,0 bees,LL,
mee,bh,17vi2020,Anemone canadensis,1010,1109,10,,LL,
mee,bh,17vi2020,Viburnum opulus var. americanum,1122,1214,10,,LL,
mee,bh,17vi2020,Cornus sericea,1255,1316,10,,LL,
mee,bh,17vi2020,Silene vulgaris,1320,1331,10,0 bees,LL,
mee,bh,17vi2020,Anemone canadensis,1335,1346,10,0 bees,LL,
mee,bh,17vi2020,Viburnum opulus var. americanum,1352,1408,10,,LL,
mee,bh,18vi2020,Viburnum opulus var. americanum,832,927,10,,LL,
mee,bh,18vi2020,Anemone canadensis,930,1007,10,,LL,
mee,bh,18vi2020,Silene vulgaris,1025,1044,10,,LL,
mee,bh,18vi2020,Cornus sericea,1045,1108,10,,LL,
mee,bh,18vi2020,Viburnum opulus var. americanum,1110,1159,10,,LL,
mee,bh,18vi2020,Anemone canadensis,1202,1214,10,0 bees,LL,
mee,bh,18vi2020,Silene vulgaris,1221,1232,10,0 bees,LL,
mee,bh,18vi2020,Cornus sericea,1237,1253,10,,LL,
mee,bh,19vi2020,Anemone canadensis,907,930,10,,LL,
mee,bh,19vi2020,Silene vulgaris,942,954,10,0 bees,LL,
mee,bh,19vi2020,Cornus sericea,1000,1021,10,,LL,
mee,bh,19vi2020,Viburnum opulus var. americanum,1026,1104,10,,LL,
mee,bh,19vi2020,Anemone canadensis,1110,1122,10,,LL,
mee,bh,19vi2020,Silene vulgaris,1131,1142,10,0 bees,LL,
mee,bh,19vi2020,Cornus sericea,1145,1201,10,,LL,
mee,bh,19vi2020,Viburnum opulus var. americanum,1216,1234,10,,LL,
mud,cs,29vi2020,Lysimachia ciliata,952,1020,10,,LL,
mud,cs,29vi2020,Echium vulgare,1026,1050,10,,LL,
mud,cs,29vi2020,Sedum acre,1058,1121,10,,LL,
mud,cs,29vi2020,Rhus typhina,1138,1234,10,,LL,
mud,cs,29vi2020,Lysimachia ciliata,1220,1254,10,,LL,
mud,cs,29vi2020,Echium vulgare,1313,1337,10,,LL,
mud,cs,29vi2020,Rhus typhina,1350,1423,10,Switched order of Rhus and Sedum,LL,
mud,cs,29vi2020,Sedum acre,1426,NA,NA,Switched order of Rhus and Sedum,LL,
mud,cs,2vii2020,Sedum acre,856,915,,,LL,
mud,cs,2vii2020,Echium vulgare,921,948,10,,LL,
mud,cs,2vii2020,Rhus typhina,1142,1208,10,,LL,
mud,cs,2vii2020,Lysimachia ciliata,1204,1221,10,,LL,
mud,cs,2vii2020,Sedum acre,1225,1240,10,,LL,
mud,cs,3vii2020,Echium vulgare,1252,1312,10,Stopped bc bad weather. Sampled 3 July,LL,
mud,cs,3vii2020,Rhus typhina,1319,1335,10,Stopped bc bad weather. Sampled 3 July,LL,
mud,cs,3vii2020,Lysimachia ciliata,1339,1354,10,Stopped bc bad weather. Sampled 3 July,LL,
mud,cs,3vii2020,Lysimachia ciliata,905,930,10,,LL,
mud,cs,3vii2020,Rhus typhina,935,956,10,,LL,
mud,cs,3vii2020,Echium vulgare,1006,1021,10,,LL,
mud,cs,3vii2020,Sedum acre,1025,1051,10,,LL,
mud,cs,3vii2020,Lysimachia ciliata,1056,1119,10,,LL,
mud,cs,3vii2020,Rhus typhina,1122,1141,10,,LL,
mud,cs,3vii2020,Echium vulgare,1146,1208,10,,LL,
mud,cs,3vii2020,Sedum acre,1220,NA,NA,,LL,
mud,bh,29vi2020,Echium vulgare,953,1013,10,,LL,
mud,bh,29vi2020,Rhus typhina,1035,1141,10,,LL,
mud,bh,29vi2020,Lysimachia ciliata,1142,1158,10,,LL,
mud,bh,29vi2020,Sedum acre,1203,1220,10,,LL,
mud,bh,29vi2020,Echium vulgare,1226,1242,10,,LL,
mud,bh,29vi2020,Rhus typhina,1250,1316,10,,LL,
mud,bh,29vi2020,Lysimachia ciliata,1319,1331,10,0 bees,LL,"
"
mud,bh,29vi2020,Sedum acre,1335,1356,10,,LL,
mud,bh,2vii2020,Rhus typhina,907,925,10,,LL,
mud,bh,2vii2020,Lysimachia ciliata,928,958,10,,LL,
mud,bh,2vii2020,Sedum acre,1142,1155,10,,LL,
mud,bh,2vii2020,Echium vulgare,1203,1228,10,,LL,
mud,bh,2vii2020,Rhus typhina,1234,1246,10,0 bees,LL,
mud,bh,3vii2020,Lysimachia ciliata,1216,1236,10,on datasheet from 2vii2020,LL,
mud,bh,3vii2020,Sedum acre,1241,1301,10,on datasheet from 2vii2020,LL,
mud,bh,3vii2020,Echium vulgare,1312,1328,10,on datasheet from 2vii2020,LL,
mud,bh,3vii2020,Echium vulgare,901,919,10,,LL,
mud,bh,3vii2020,Sedum acre,925,938,10,0 bees,LL,
mud,bh,3vii2020,Lysimachia ciliata,946,1002,10,,LL,
mud,bh,3vii2020,Rhus typhina,1007,1024,10,,LL,
mud,bh,3vii2020,Echium vulgare,1030,1044,10,,LL,
mud,bh,3vii2020,Sedum acre,1052,1128,10,,LL,
mud,bh,3vii2020,Lysimachia ciliata,1134,1151,10,,LL,
mud,bh,3vii2020,Rhus typhina,1155,1211,10,,LL,
orl,cs,7vii2020,Lysimachia ciliata,859,912,10,0 bees,LL,
orl,cs,7vii2020,Convolvulus arvensis,917,945,10,,LL,
orl,cs,7vii2020,Echium vulgare,951,1019,10,,LL,
orl,cs,7vii2020,Lysimachia ciliata,1027,1046,10,,LL,
orl,cs,7vii2020,Convolvulus arvensis,1053,1120,10,,LL,
orl,cs,7vii2020,Echium vulgare,1131,1200,10,,LL,
orl,cs,7vii2020,Lysimachia ciliata,1210,1225,10,,LL,
orl,cs,7vii2020,Convolvulus arvensis,1235,1300,10,,LL,
orl,cs,7vii2020,Echium vulgare,1311,1329,10,,LL,
orl,cs,8vii2020,Echium vulgare,903,920,10,,LL,
orl,cs,8vii2020,Lysimachia ciliata,928,946,10,,LL,
orl,cs,8vii2020,Convolvulus arvensis,959,1035,10,,LL,
orl,cs,8vii2020,Echium vulgare,1058,1127,10,,LL,
orl,cs,8vii2020,Lysimachia ciliata,1132,1150,10,,LL,
orl,cs,8vii2020,Convolvulus arvensis,1155,1220,10,,LL,
orl,cs,8vii2020,Echium vulgare,1244,1320,10,,LL,
orl,cs,8vii2020,Lysimachia ciliata,1325,1341,10,,LL,
orl,cs,8vii2020,Convolvulus arvensis,1348,1413,10,0 bees,LL,
orl,bh,7vii2020,Echium vulgare,858,920,10,,LL,
orl,bh,7vii2020,Lysimachia ciliata,922,937,10,,LL,
orl,bh,7vii2020,Convolvulus arvensis,944,1020,10,,LL,
orl,bh,7vii2020,Echium vulgare,1030,1054,10,,LL,
orl,bh,7vii2020,Lysimachia ciliata,1059,1111,10,0 bees,LL,
orl,bh,7vii2020,Convolvulus arvensis,1126,1145,10,,LL,
orl,bh,7vii2020,Echium vulgare,1154,1212,10,,LL,
orl,bh,7vii2020,Lysimachia ciliata,1234,1245,10,0 bees,LL,
orl,bh,7vii2020,Convolvulus arvensis,1253,1307,10,,LL,
orl,bh,8vii2020,Convolvulus arvensis,858,927,10,,LL,
orl,bh,8vii2020,Echium vulgare,938,1014,10,,LL,
orl,bh,8vii2020,Lysimachia ciliata,1022,1033,10,0 bees,LL,
orl,bh,8vii2020,Convolvulus arvensis,1039,1059,10,,LL,
orl,bh,8vii2020,Echium vulgare,1109,1148,10,,LL,
orl,bh,8vii2020,Lysimachia ciliata,1154,1204,10,0 bees ,LL,
orl,bh,8vii2020,Convolvulus arvensis,1207,1226,10,,LL,
orl,bh,8vii2020,Echium vulgare,1241,1255,10,,LL,
orl,bh,8vii2020,Lysimachia ciliata,1319,1329,10,0 bees,LL,
cha,cs,9vii2020,Daucus carota,935,952,10,0 bees,LL,
cha,cs,9vii2020,Lythrum salicaria,1018,1033,10,0 bees,LL,
cha,cs,9vii2020,Lysimachia ciliata,1042,1058,10,,LL,
cha,cs,9vii2020,Daucus carota,1121,1134,10,0 bees,LL,
cha,cs,9vii2020,Lythrum salicaria,1146,1202,10,,LL,
cha,cs,9vii2020,Lysimachia ciliata,1220,1250,10,,LL,
cha,cs,9vii2020,Daucus carota,1306,1332,10,,LL,
cha,cs,9vii2020,Lythrum salicaria,1335,1347,10,0 bees,LL,
cha,cs,9vii2020,Lysimachia ciliata,1356,NA,NA,,LL,
cha,cs,10vii2020,Lysimachia ciliata,909,940,10,,LL,
cha,cs,10vii2020,Daucus carota,952,1011,10,,LL,
cha,cs,10vii2020,Lythrum salicaria,1016,1027,10,0 bees,LL,
cha,cs,10vii2020,Lysimachia ciliata,1038,1116,10,,LL,
cha,cs,10vii2020,Daucus carota,1119,1137,10,,LL,
cha,cs,10vii2020,Lythrum salicaria,1217,1232,10,0 bees,LL,
cha,cs,10vii2020,Daucus carota,1244,1300,10,switched to avoid overlap w/ BhH,LL,
cha,cs,10vii2020,Lysimachia ciliata,1301,1332,10,,LL,
cha,cs,10vii2020,Lythrum salicaria,1403,1418,10,,LL,
cha,bh,9vii2020,Lysimachia ciliata,921,949,10,,LL,
cha,bh,9vii2020,Daucus carota,1003,1019,10,,LL,
cha,bh,9vii2020,Lythrum salicaria,1033,1045,10,0 bees,LL,
cha,bh,9vii2020,Lysimachia ciliata,1113,1128,10,,LL,
cha,bh,9vii2020,Daucus carota,1140,1153,10,0 bees,LL,
cha,bh,9vii2020,Lythrum salicaria,1203,1221,10,0 bees,LL,
cha,bh,9vii2020,Lysimachia ciliata,1231,1244,10,,LL,
cha,bh,9vii2020,Daucus carota,1252,1303,10,0 bees,LL,
cha,bh,9vii2020,Lythrum salicaria,1315,1325,10,0 bees ,LL,
cha,bh,10vii2020,Lythrum salicaria,917,930,10,0 bees,LL,
cha,bh,10vii2020,Lysimachia ciliata,941,955,10,,LL,
cha,bh,10vii2020,Daucus carota,1004,1018,10,,LL,
cha,bh,10vii2020,Lythrum salicaria,1032,1043,10,0 bees,LL,
cha,bh,10vii2020,Lysimachia ciliata,1109,1122,10,"
",LL,
cha,bh,10vii2020,Daucus carota,1126,1143,10,,LL,
cha,bh,10vii2020,Lythrum salicaria,1151,1223,10,0 bees,LL,
cha,bh,10vii2020,Lysimachia ciliata,1237,1251,10,,LL,
cha,bh,10vii2020,Daucus carota,1255,1309,10,0 bees,LL,
fee,cs,17vii2020,Pontederia cordata,1028,1058,10,,LL,
fee,cs,17vii2020,Cichorium intybus,1105,1132,10,,LL,
fee,cs,17vii2020,Achillea millefolium,1135,1146,10,0 bees,LL,
fee,cs,17vii2020,Daucus carota,1146,1208,10,,LL,
fee,cs,17vii2020,Pontederia cordata,1222,1256,10,,LL,
fee,cs,17vii2020,Cichorium intybus,1256,1319,10,,LL,
fee,cs,17vii2020,Achillea millefolium,1321,1334,10,0 bees,LL,
fee,cs,17vii2020,Daucus carota,1335,1350,10,"
",LL,
fee,cs,18vii2020,Daucus carota,857,925,10,,LL,
fee,cs,18vii2020,Achillea millefolium,933,946,10,0 bees,LL,
fee,cs,18vii2020,Cichorium intybus,948,1009,10,,LL,
fee,cs,18vii2020,Pontederia cordata,1020,1050,10,,LL,
fee,cs,18vii2020,Daucus carota,1102,1132,10,,LL,
fee,cs,18vii2020,Achillea millefolium,1141,1157,10,,LL,
fee,cs,18vii2020,Cichorium intybus,1200,1210,10,0 bees,LL,
fee,cs,18vii2020,Pontederia cordata,1232,1255,10,"
",LL,
fee,cs,18vii2020,Daucus carota,857,925,10,,LL,
fee,cs,18vii2020,Achillea millefolium,933,946,10,0 bees,LL,
fee,cs,18vii2020,Cichorium intybus,948,1009,10,,LL,
fee,cs,18vii2020,Pontederia cordata,1020,1050,10,,LL,
fee,cs,18vii2020,Daucus carota,1102,1132,10,,LL,
fee,cs,18vii2020,Achillea millefolium,1141,1157,10,,LL,
fee,cs,18vii2020,Cichorium intybus,1200,1210,10,0 bees,LL,
fee,cs,18vii2020,Pontederia cordata,1232,1255,10,,LL,
fee,bh,15vii2020,Daucus carota,905,921,10,,LL,
fee,bh,15vii2020,Achillea millefolium,928,941,10,0 bees,LL,
fee,bh,15vii2020,Cichorium intybus,945,1020,10,,LL,
fee,bh,15vii2020,Pontederia cordata,1051,1112,10,,LL,
fee,bh,15vii2020,Daucus carota,1125,1141,10,,LL,
fee,bh,15vii2020,Achillea millefolium,1154,1210,10,,LL,
fee,bh,15vii2020,Cichorium intybus,1216,1228,10,,LL,
fee,bh,15vii2020,Pontederia cordata,1242,1303,10,,LL,
fee,bh,17vii2020,Achillea millefolium,1021,1032,10,0 bees,LL,
fee,bh,17vii2020,Daucus carota,1045,1057,10,0 bees,LL,
fee,bh,17vii2020,Pontederia cordata,1105,1134,10,,LL,
fee,bh,17vii2020,Cichorium intybus,1156,1225,10,,LL,
fee,bh,17vii2020,Achillea millefolium,1239,1252,10,,LL,
fee,bh,17vii2020,Daucus carota,1301,1316,10,,LL,
fee,bh,17vii2020,Pontederia cordata,1326,1342,10,,LL,
fee,bh,17vii2020,Cichorium intybus,1306,1317,10,on data sheet from 18vii2020,LL,
fee,bh,18vii2020,Cichorium intybus,857,921,10,,LL,
fee,bh,18vii2020,Pontederia cordata,946,1012,10,,LL,
fee,bh,18vii2020,Daucus carota,1023,1037,10,0 bees,LL,
fee,bh,18vii2020,Achillea millefolium,1041,1055,10,,LL,
fee,bh,18vii2020,Cichorium intybus,1057,1110,10,0 bees,LL,
fee,bh,18vii2020,Pontederia cordata,1130,1200,10,,LL,
fee,bh,18vii2020,Daucus carota,1216,1238,10,,LL,
fee,bh,18vii2020,Achillea millefolium,1249,1301,10,0 bees,LL,
pet,cs,20vii2020,Asclepias incarnata,905,921,10,,LL,
pet,cs,20vii2020,Sorbaria sorbifolia,928,1006,10,,LL,
pet,cs,20vii2020,Pontederia cordata,1023,1057,10,,LL,
pet,cs,20vii2020,Lythrum salicaria,1057,1123,10,,LL,
pet,cs,20vii2020,Asclepias incarnata,1124,1141,10,,LL,
pet,cs,20vii2020,Sorbaria sorbifolia,1154,1216,10,,LL,
pet,cs,20vii2020,Pontederia cordata,1233,1257,10,,LL,
pet,cs,20vii2020,Lythrum salicaria,1258,1311,10,0 bees,LL,
pet,cs,21vii2020,Sorbaria sorbifolia,910,929,10,,LL,
pet,cs,21vii2020,Pontederia cordata,942,1022,10,,LL,
pet,cs,21vii2020,Lythrum salicaria,1024,1046,10,,LL,
pet,cs,21vii2020,Asclepias incarnata,1047,1115,10,,LL,
pet,cs,21vii2020,Sorbaria sorbifolia,1128,1144,10,,LL,
pet,cs,21vii2020,Pontederia cordata,1205,1247,10,,LL,
pet,cs,21vii2020,Lythrum salicaria,1248,1459,10,,LL,
pet,cs,21vii2020,Asclepias incarnata,1500,1515,10,,LL,
pet,bh,19vii2020,Rhus typhina,921,950,10,,LL,
pet,bh,19vii2020,Asclepias incarnata,1008,1025,10,0 bees,LL,
pet,bh,19vii2020,Lythrum salicaria,1027,1042,10,,LL,
pet,bh,19vii2020,Pontederia cordata,1109,1130,10,,LL,
pet,bh,19vii2020,Rhus typhina,1150,1205,10,,LL,
pet,bh,19vii2020,Asclepias incarnata,1239,1250,10,0 bees,LL,
pet,bh,19vii2020,Lythrum salicaria,1252,1306,10,,LL,
pet,bh,19vii2020,Pontederia cordata,1314,1341,10,,LL,
pet,bh,20vii2020,Pontederia cordata,914,937,10,,LL,
pet,bh,20vii2020,Lythrum salicaria,949,1001,10,0 bees,LL,
pet,bh,20vii2020,Asclepias incarnata,1003,1019,10,0 bees,LL,
pet,bh,20vii2020,Sorbaria sorbifolia,1030,1051,10,,LL,
pet,bh,20vii2020,Pontederia cordata,1122,1157,10,,LL,
pet,bh,20vii2020,Lythrum salicaria,1211,1224,10,0 bees,LL,
pet,bh,20vii2020,Asclepias incarnata,1226,1240,10,0 bees,LL,
pet,bh,20vii2020,Sorbaria sorbifolia,1302,1317,10,,LL,
pet,bh,21vii2020,Lythrum salicaria,855,921,10,,LL,
pet,bh,21vii2020,Asclepias incarnata,930,947,10,0 bees,LL,
pet,bh,21vii2020,Sorbaria sorbifolia,956,1013,10,,LL,
pet,bh,21vii2020,Pontederia cordata,1040,1105,10,,LL,
pet,bh,21vii2020,Lythrum salicaria,1135,1147,10,0 bees,LL,
pet,bh,21vii2020,Asclepias incarnata,1148,1158,10,0 bees,LL,
pet,bh,21vii2020,Sorbaria sorbifolia,1211,1223,10,,LL,
pet,bh,21vii2020,Pontederia cordata,1240,1300,10,,LL,
pet,bh,21vii2020,Asclepias incarnata,1310,1320,10,on behalf of Colleen Smith 20vii2020,LL,
pet,bh,21vii2020,Sorbaria sorbifolia,1336,1346,10,,LL,
mud,mc,24vii2020,Solanum dulcamara,1018,1036,10,,LL,
mud,mc,24vii2020,Myosotis scorpioides,1041,1057,10,,LL,
mud,mc,24vii2020,Pontederia cordata,1102,1128,10,,LL,
mud,mc,24vii2020,Daucus carota,1137,1149,10,,LL,
mud,mc,24vii2020,Solanum dulcamara,1204,1206,10,,LL,
mud,mc,24vii2020,Myosotis scorpioides,1218,1231,10,,LL,
mud,ct,24vii2020,Myosotis scorpioides,1018,1031,10,,LL,
mud,ct,24vii2020,Pontederia cordata,1037,1058,10,,LL,
mud,ct,24vii2020,Daucus carota,1100,1115,10,,LL,
mud,ct,24vii2020,Solanum dulcamara,1123,1142,10,,LL,
mud,ct,24vii2020,Myosotis scorpioides,1157,1209,10,,LL,
mud,ct,24vii2020,Pontederia cordata,1213,1248,10,,LL,
mud,bg,24vii2020,Daucus carota,1018,1030,10,,LL,
mud,bg,24vii2020,Solanum dulcamara,1032,1052,10,,LL,
mud,bg,24vii2020,Myosotis scorpioides,1054,1105,10,,LL,
mud,bg,24vii2020,Pontederia cordata,1109,1147,10,,LL,
mud,bg,24vii2020,Daucus carota,1200,1211,10,,LL,
mud,bg,24vii2020,Solanum dulcamara,1218,1233,10,,LL,
mud,bh,24vii2020,Pontederia cordata,1016,1054,10,,LL,
mud,bh,24vii2020,Solanum dulcamara,1058,1121,10,,LL,
mud,bh,24vii2020,Daucus carota,1133,1147,10,0 bees,LL,
mud,bh,24vii2020,Myosotis scorpioides,1158,1213,10,,LL,
mud,bh,24vii2020,Pontederia cordata,1215,1233,10,,LL,
mud,bh,24vii2020,Solanum dulcamara,1331,1344,10,,LL,
mud,cs,24vii2020,Pontederia cordata,1015,11,10,,,
mud,cs,24vii2020,Daucus carota,1119,1130,10,,,
mud,cs,24vii2020,Solanum dulcamara,1136,1151,10,,,
mud,cs,24vii2020,Myosotis scorpioides,1152,1227,10,,,
mud,cs,24vii2020,Pontederia cordata,1240,1334,10,,,
mud,cs,24vii2020,Daucus carota,1334,1349,10,,,
mud,bh,26vii2020,Daucus carota,857,911,10,0 bees,LL,
mud,bh,26vii2020,Myosotis scorpioides,914,926,10,0 bees,LL,
mud,bh,26vii2020,Solanum dulcamara,929,951,10,,LL,
mud,bh,26vii2020,Pontederia cordata,955,1016,10,,LL,
mud,bh,26vii2020,Daucus carota,1036,1048,10,0 bees,LL,
mud,bh,26vii2020,Myosotis scorpioides,1057,1109,10,0 bees,LL,
mud,bh,26vii2020,Solanum dulcamara,1112,1125,10,0 bees,LL,
mud,bh,26vii2020,Pontederia cordata,1137,1210,10,,LL,
mud,bh,26vii2020,Daucus carota,1217,1228,10,0 bees,LL,
mud,cs,26vii2020,Solanum dulcamara,914,931,10,,LL,
mud,cs,26vii2020,Pontederia cordata,940,1033,10,,LL,
mud,cs,26vii2020,Daucus carota,1047,1059,10,0 bees,LL,
mud,cs,26vii2020,Myosotis scorpioides,1102,1133,10,,LL,
mud,cs,26vii2020,Solanum dulcamara,1134,1149,10,0 bees,LL,
mud,cs,26vii2020,Pontederia cordata,1157,1241,10,,LL,
mud,cs,26vii2020,Daucus carota,1247,1300,10,,LL,
mud,cs,26vii2020,Myosotis scorpioides,1301,1311,10,,LL,
mud,cs,26vii2020,Myosotis scorpioides,1312,1323,10,,LL,
har,sa,28vii2020,Erysimum cheiranthoides,935,951,10,,LL,
har,sa,28vii2020,Verbascum thapsus,958,1020,10,,LL,
har,sa,28vii2020,Cucurbita pepo,1022,1047,10,,LL,
har,sa,28vii2020,Erysimum cheiranthoides,1054,1109,10,,LL,
har,sa,28vii2020,Verbascum thapsus,1114,1126,10,,LL,
har,sa,28vii2020,Cucurbita pepo,1130,1153,10,,LL,
har,sa,28vii2020,Erysimum cheiranthoides,1159,1231,10,,LL,
har,sa,28vii2020,Verbascum thapsus,1238,1252,10,,LL,
har,sa,28vii2020,Cucurbita pepo,1255,1308,10,,LL,
har,sa,29vii2020,Verbascum thapsus,841,901,10,,LL,
har,sa,29vii2020,Cucurbita pepo,907,932,10,,LL,
har,sa,29vii2020,Erysimum cheiranthoides,939,1005,10,,LL,
har,sa,29vii2020,Verbascum thapsus,1016,1028,10,,LL,
har,sa,29vii2020,Cucurbita pepo,1031,1046,10,,LL,
har,sa,29vii2020,Erysimum cheiranthoides,1052,1111,10,,LL,
har,sa,29vii2020,Verbascum thapsus,1120,1132,10,,LL,
har,sa,29vii2020,Cucurbita pepo,1135,1150,10,,LL,
har,sa,29vii2020,Erysimum cheiranthoides,1152,1204,10,,LL,
har,cs,28vii2020,Cucurbita pepo,930,955,10,,LL,
har,cs,28vii2020,Erysimum cheiranthoides,956,1024,10,,LL,
har,cs,28vii2020,Verbascum thapsus,1027,1046,10,,LL,
har,cs,28vii2020,Cucurbita pepo,1048,1116,10,,LL,
har,cs,28vii2020,Erysimum cheiranthoides,1121,1135,10,0 bees,LL,
har,cs,28vii2020,Verbascum thapsus,1137,1153,10,0 bees,LL,
har,cs,28vii2020,Cucurbita pepo,1156,1211,10,0 bees,LL,
har,cs,28vii2020,Erysimum cheiranthoides,1212,1229,10,,LL,
har,cs,28vii2020,Verbascum thapsus,1230,1244,10,0 bees,LL,
har,cs,29vii2020,Erysimum cheiranthoides,841,957,10,,LL,
har,cs,29vii2020,Verbascum thapsus,1001,1021,10,,LL,
har,cs,29vii2020,Cucurbita pepo,1026,1048,10,,LL,
har,cs,29vii2020,Erysimum cheiranthoides,1054,1123,10,,LL,
har,cs,29vii2020,Verbascum thapsus,1125,1137,10,,LL,
har,cs,29vii2020,Cucurbita pepo,1145,1201,10,,LL,
har,cs,29vii2020,Erysimum cheiranthoides,1203,1216,10,,LL,
har,cs,29vii2020,Verbascum thapsus,1216,1228,10,0 bees,LL,
har,cs,29vii2020,Cucurbita pepo,1228,1239,10,0 bees,LL,
nee,bh,30vii2020,Cucurbita pepo,858,923,10,,LL,
nee,bh,30vii2020,Prunella vulgaris,932,950,10,,LL,
nee,bh,30vii2020,Vicia cracca,958,1023,10,,LL,
nee,bh,30vii2020,Cucurbita pepo,1030,1107,10,,LL,
nee,bh,30vii2020,Prunella vulgaris,1125,1147,10,,LL,
nee,bh,30vii2020,Vicia cracca,1153,1211,10,,LL,
nee,bh,30vii2020,Cucurbita pepo,1217,1235,10,,LL,
nee,bh,30vii2020,Prunella vulgaris,1240,1300,10,,LL,
nee,bh,30vii2020,Vicia cracca,1311,1323,10,0 bees,LL,
nee,bh,31vii2020,Vicia cracca,825,840,10,,LL,
nee,bh,31vii2020,Cucurbita pepo,850,913,10,,LL,
nee,bh,31vii2020,Prunella vulgaris,950,1004,10,,LL,
nee,bh,31vii2020,Vicia cracca,1014,1030,10,,LL,
nee,bh,31vii2020,Cucurbita pepo,1036,1051,10,,LL,
nee,bh,31vii2020,Prunella vulgaris,1102,1125,10,,LL,
nee,bh,31vii2020,Vicia cracca,1140,1154,10,,LL,
nee,bh,31vii2020,Cucurbita pepo,1200,1211,10,,LL,
nee,bh,31vii2020,Prunella vulgaris,1216,1228,10,,LL,
nee,cs,30vii2020,Prunella vulgaris,856,925,10,,LL,
nee,cs,30vii2020,Vicia cracca,928,943,10,0 bees,LL,
nee,cs,30vii2020,Cucurbita pepo,950,1021,10,,LL,
nee,cs,30vii2020,Prunella vulgaris,1023,1050,10,,LL,
nee,cs,30vii2020,Vicia cracca,1057,1118,10,,LL,
nee,cs,30vii2020,Cucurbita pepo,1123,1148,10,,LL,
nee,cs,30vii2020,Prunella vulgaris,1149,1224,10,,LL,
nee,cs,30vii2020,Vicia cracca,1251,NA,10,,LL,
nee,sa,31vii2020,Cucurbita pepo,820,839,10,,LL,
nee,sa,31vii2020,Prunella vulgaris,840,901,10,,LL,
nee,sa,31vii2020,Vicia cracca,911,927,10,,LL,
nee,sa,31vii2020,Cucurbita pepo,935,950,10,,LL,
nee,sa,31vii2020,Prunella vulgaris,1010,1030,10,,LL,
nee,sa,31vii2020,Vicia cracca,1044,1057,10,,LL,
nee,sa,31vii2020,Cucurbita pepo,1102,1114,10,,LL,
nee,sa,31vii2020,Prunella vulgaris,1135,1148,10,,LL,
nee,sa,31vii2020,Vicia cracca,1202,1221,10,,LL,
orl,bh,1viii2020,Lythrum salicaria,925,950,10,,LL,
orl,bh,1viii2020,Daucus carota,1002,1016,10,,LL,
orl,bh,1viii2020,Solidago canadensis,1042,1105,10,,LL,
orl,bh,1viii2020,Prunus susquehanae,1118,1136,10,,LL,
orl,bh,1viii2020,Lythrum salicaria,1149,1208,10,,LL,
orl,bh,1viii2020,Daucus carota,1222,1232,10,,LL,
orl,bh,1viii2020,Solidago canadensis,1252,1306,10,,LL,
orl,bh,1viii2020,Prunus susquehanae,1320,1335,10,,LL,
orl,bh,06viii2020,Prunus susquehanae,1000,1011,10,,LL,
orl,bh,06viii2020,Solidago canadensis,1021,1047,10,,LL,
orl,bh,06viii2020,Daucus carota,1100,1120,10,0 bees,LL,
orl,bh,06viii2020,Lythrum salicaria,1132,1204,10,,LL,
orl,bh,06viii2020,Prunus susquehanae,1232,1248,10,,LL,
orl,bh,06viii2020,Solidago canadensis,1302,1320,10,,LL,
orl,bh,06viii2020,Daucus carota,1335,1346,10,0 bees,LL,
orl,bh,06viii2020,Lythrum salicaria,1352,1417,10,,LL,
orl,bh,7viii2020,Solidago canadensis,928,941,10,0 bees,LL,
orl,bh,7viii2020,Prunus susquehanae,1000,1020,10,,LL,
orl,bh,7viii2020,Lythrum salicaria,1100,1130,10,,LL,
orl,bh,7viii2020,Daucus carota,1142,1153,10,0 bees,LL,
orl,bh,7viii2020,Solidago canadensis,1200,1210,10,0 bees,LL,
orl,bh,7viii2020,Prunus susquehanae,1224,1249,10,,LL,
orl,bh,7viii2020,Lythrum salicaria,1305,1316,10,,LL,
orl,bh,7viii2020,Daucus carota,1319,1333,10,,LL,
orl,cs,1viii2020,Solidago canadensis,929,959,10,,LL,
orl,cs,1viii2020,Prunus susquehanae,1004,1029,10,,LL,
orl,cs,1viii2020,Lythrum salicaria,1040,1123,10,,LL,
orl,cs,1viii2020,Daucus carota,1127,1138,10,0 bees,LL,
orl,cs,1viii2020,Solidago canadensis,1138,1211,10,,LL,
orl,cs,1viii2020,Prunus susquehanae,1211,1228,10,,LL,
orl,cs,1viii2020,Lythrum salicaria,1235,1311,10,,LL,
orl,cs,1viii2020,Daucus carota,1330,1348,10,,LL,
orl,cs,6viii2020,Daucus carota,957,1022,10,,LL,
orl,cs,6viii2020,Lythrum salicaria,1036,1100,10,,LL,
orl,cs,6viii2020,Prunus susquehanae,1104,1145,10,,LL,
orl,cs,6viii2020,Solidago canadensis,1146,1217,10,,LL,
orl,cs,6viii2020,Daucus carota,1226,1248,10,,LL,
orl,cs,6viii2020,Lythrum salicaria,1300,1330,10,,LL,
orl,cs,6viii2020,Prunus susquehanae,1339,1405,10,,LL,
orl,cs,6viii2020,Solidago canadensis,1409,1440,10,,LL,
orl,cs,7viii2020,Lythrum salicaria,930,951,10,,LL,
orl,cs,7viii2020,Daucus carota,1007,1020,10,,LL,
orl,cs,7viii2020,Solidago canadensis,1050,1108,10,,LL,
orl,cs,7viii2020,Prunus susquehanae,1121,1149,10,,LL,
orl,cs,7viii2020,Lythrum salicaria,1149,1217,10,,LL,
orl,cs,7viii2020,Daucus carota,1230,1249,10,,LL,
orl,cs,7viii2020,Solidago canadensis,1258,1328,10,,LL,
orl,cs,7viii2020,Prunus susquehanae,1343,1404,10,,LL,
mil,bh,11viii2020,Daucus carota,834,845,10,0 bees,LL,
mil,bh,11viii2020,Solidago canadensis,907,920,10,0 bees,LL,
mil,bh,11viii2020,Cucurbita pepo,923,949,10,,LL,
mil,bh,11viii2020,Lythrum salicaria,1011,1106,10,,LL,
mil,bh,11viii2020,Daucus carota,1113,1124,10,0 bees,LL,
mil,bh,11viii2020,Solidago canadensis,1126,1143,10,,LL,
mil,bh,11viii2020,Cucurbita pepo,1154,1210,10,,LL,
mil,bh,11viii2020,Lythrum salicaria,1221,1245,10,,LL,
mil,ef,12viii2020,Lythrum salicaria,850,921,10,,LL,
mil,ef,12viii2020,Daucus carota,937,951,10,,LL,
mil,ef,12viii2020,Solidago canadensis,954,1017,10,,LL,
mil,ef,12viii2020,Cucurbita pepo,1029,1044,10,,LL,
mil,ef,12viii2020,Lythrum salicaria,1047,1106,10,,LL,
mil,ef,12viii2020,Daucus carota,1115,1127,10,,LL,
mil,ef,12viii2020,Solidago canadensis,1128,1144,10,,LL,
mil,ef,12viii2020,Cucurbita pepo,1156,1208,10,,LL,
mil,bh,13viii2020,Solidago canadensis,817,832,10,0 bees,LL,
mil,bh,13viii2020,Daucus carota,846,900,10,0 bees,LL,
mil,bh,13viii2020,Lythrum salicaria,918,1005,10,,LL,
mil,bh,13viii2020,Cucurbita pepo,1015,1027,10,0 bess,LL,
mil,bh,13viii2020,Solidago canadensis,1037,1120,10,,LL,
mil,bh,13viii2020,Daucus carota,1135,1153,10,0 bees,LL,
mil,bh,13viii2020,Lythrum salicaria,1203,1225,10,,LL,
mil,bh,13viii2020,Cucurbita pepo,1231,1243,10,"got a Queen , no pollen on 13viii2020",LL,
mil,cs,11viii2020,Cucurbita pepo,830,849,10,,LL,
mil,cs,11viii2020,Lythrum salicaria,852,1000,10,,LL,
mil,cs,11viii2020,Daucus carota,1007,1019,10,0 bees,LL,
mil,cs,11viii2020,Solidago canadensis,1019,1040,10,,LL,
mil,cs,11viii2020,Cucurbita pepo,1051,1107,10,,LL,
mil,cs,11viii2020,Lythrum salicaria,1112,1149,10,,LL,
mil,cs,11viii2020,Daucus carota,1151,1201,10,0 bees,LL,
mil,cs,11viii2020,Solidago canadensis,1203,1239,10,,LL,
mil,cs,12viii2020,Solidago canadensis,844,903,10,,LL,
mil,cs,12viii2020,Cucurbita pepo,906,924,10,,LL,
mil,cs,12viii2020,Lythrum salicaria,929,1029,10,,LL,
mil,cs,12viii2020,Daucus carota,1034,1049,10,,LL,
mil,cs,12viii2020,Solidago canadensis,1055,1137,10,,LL,
mil,cs,12viii2020,Cucurbita pepo,1144,1158,10,0 bees,LL,
mil,cs,12viii2020,Lythrum salicaria,1200,1234,10,,LL,
mil,cs,12viii2020,Daucus carota,1235,1247,10,0 bees,LL,
mil,cs,13viii2020,Cucurbita pepo,817,835,10,,LL,
mil,cs,13viii2020,Lythrum salicaria,839,928,10,,LL,
mil,cs,13viii2020,Daucus carota,930,943,10,0 bees,LL,
mil,cs,13viii2020,Solidago canadensis,946,1034,10,,LL,
mil,cs,13viii2020,Cucurbita pepo,1041,1057,10,,LL,
mil,cs,13viii2020,Lythrum salicaria,1101,1154,10,,LL,
mil,cs,13viii2020,Daucus carota,1156,1210,10,0 bees,LL,
mil,cs,13viii2020,Solidago canadensis,1212,1231,10,0 bees,LL,
kan,cs,14viii2020,Impatiens capensis,920,946,10,,LL,
kan,cs,14viii2020,Echium vulgare,1040,1126,10,,LL,
kan,cs,14viii2020,Origanum vulgare,1132,1156,10,,LL,
kan,cs,14viii2020,Solidago canadensis,1204,1239,10,,LL,
kan,cs,14viii2020,Impatiens capensis,1247,1307,10,,LL,
kan,cs,14viii2020,Echium vulgare,1317,1353,10,,LL,
kan,cs,14viii2020,Origanum vulgare,1357,1423,10,,LL,
kan,cs,14viii2020,Solidago canadensis,1429,1414,10,,LL,
kan,bh,19viii2020,Origanum vulgare,918,931,10,0 bees,LL,
kan,bh,19viii2020,Impatiens capensis,952,1009,10,,LL,
kan,bh,19viii2020,Echium vulgare,1030,1045,10,,LL,
kan,bh,19viii2020,Solidago canadensis,1111,1127,10,0 bees,LL,
kan,bh,19viii2020,Origanum vulgare,1136,1151,10,0 bees,LL,
kan,bh,19viii2020,Impatiens capensis,1202,1217,10,,LL,
kan,bh,19viii2020,Echium vulgare,1231,1250,10,,LL,
kan,bh,19viii2020,Solidago canadensis,1312,1356,10,,LL,
kan,bh,18viii2020,Echium vulgare,919,935,10,,LL,
kan,bh,18viii2020,Origanum vulgare,952,1009,10,,LL,
kan,bh,18viii2020,Solidago canadensis,1030,1046,10,0 bees,LL,
kan,bh,18viii2020,Impatiens capensis,1055,1115,10,,LL,
kan,bh,18viii2020,Echium vulgare,1130,1149,10,,LL,
kan,bh,18viii2020,Origanum vulgare,1212,1226,10,0 bees,LL,
kan,bh,18viii2020,Solidago canadensis,1236,1250,10,,LL,
kan,bh,18viii2020,Impatiens capensis,1306,1331,10,,LL,
kan,bh,14viii2020,Origanum vulgare,900,922,10,,LL,
kan,bh,14viii2020,Solidago canadensis,941,1000,10,,LL,
kan,bh,14viii2020,Impatiens capensis,1007,1027,10,,LL,
kan,bh,14viii2020,Echium vulgare,1056,1115,10,,LL,
kan,bh,14viii2020,Origanum vulgare,1135,1156,10,,LL,
kan,bh,14viii2020,Solidago canadensis,1220,1232,10,0 bees,LL,
kan,bh,14viii2020,Impatiens capensis,1246,1304,10,,LL,
kan,bh,14viii2020,Echium vulgare,1319,1335,10,,LL,
kan,cs,18viii2020,Solidago canadensis,922,942,10,,LL,
kan,cs,18viii2020,Impatiens capensis,955,1032,10,,LL,
kan,cs,18viii2020,Echium vulgare,1050,1127,10,,LL,
kan,cs,18viii2020,Origanum vulgare,1142,1155,10,0 bees,LL,
kan,cs,18viii2020,Solidago canadensis,1210,1241,10,,LL,
kan,cs,18viii2020,Impatiens capensis,1247,1328,10,,LL,
kan,cs,18viii2020,Echium vulgare,1344,1408,10,,LL,
kan,cs,18viii2020,Origanum vulgare,1423,1435,10,0 bees,LL,
kan,cs,19viii2020,Echium vulgare,921,1002,10,,LL,
kan,cs,19viii2020,Solidago canadensis,1015,1046,10,,LL,
kan,cs,19viii2020,Origanum vulgare,1101,1114,10,0 bees,LL,
kan,cs,19viii2020,Impatiens capensis,1130,1155,10,,LL,
kan,cs,19viii2020,Echium vulgare,1212,1242,10,,LL,
kan,cs,19viii2020,Solidago canadensis,1253,1339,10,,LL,
kan,cs,19viii2020,Origanum vulgare,1340,1351,10,0 bees,LL,
kan,cs,19viii2020,Impatiens capensis,1400,1448,10,,LL,
bea,cs,13iv2021,Hepatica nobilis,1247,1259,10,0 bees,SL,
bea,cs,13iv2021,Salix sp.,1323,1350,10,,SL,
bea,cs,13iv2021,Claytonia caroliniana,1408,1420,10,0 bees,SL,
bea,cs,13iv2021,Hepatica nobilis,1455,1506,10,0 bees,SL,
bea,cs,13iv2021,Salix sp.,1516,1529,10,0 bees,SL,
bea,cs,13iv2021,Claytonia caroliniana,1542,1553,10,0 bees,SL,
bea,cs,14iv2021,Salix sp.,940,955,10,0 bees,SL,
bea,cs,14iv2021,Claytonia caroliniana,1003,1023,10,,SL,
bea,cs,14iv2021,Hepatica nobilis,1056,1109,10,0 bees,SL,
bea,cs,14iv2021,Salix sp.,1117,1136,10,,SL,
bea,cs,14iv2021,Claytonia caroliniana,1157,1211,10,,SL,
bea,cs,14iv2021,Hepatica nobilis,1251,- ,10,end time missing,,
bea,cs,19iv2021,Salix sp.,933,956,10,,SL,
bea,cs,19iv2021,Hepatica nobilis,1026,1040,10,,SL,
bea,cs,19iv2021,Claytonia caroliniana,1040,1120,10,wrote clavir on vials ,SL,
bea,cs,19iv2021,Salix sp.,1140,1151,10,,SL,
bea,cs,19iv2021,Hepatica nobilis,1220,1221,10,,SL,
bea,cs,19iv2021,Claytonia caroliniana,1225,1256,10,wrote clavir on vials ,SL,
bea,sl,13iv2021,Claytonia caroliniana,1247,1257,10,,SL,
bea,sl,13iv2021,Hepatica nobilis,1336,1347,10,,SL,
bea,sl,13iv2021,Salix sp. ,1358,1414,10,,SL,
bea,sl,13iv2021,Claytonia caroliniana,1432,1442,10,,SL,
bea,sl,13iv2021,Hepatica nobilis,1510,1520,10,,SL,
bea,sl,13iv2021,Salix sp. ,1530,1547,10,,SL,
bea,sl,14iv2021,Hepatica nobilis,958,1008,10,,SL,
bea,sl,14iv2021,Salix sp. ,1017,1030,10,,SL,
bea,sl,14iv2021,Claytonia caroliniana,1040,1058,10,,SL,
bea,sl,14iv2021,Hepatica nobilis,1132,1142,10,,SL,
bea,sl,14iv2021,Salix sp. ,1152,1207,10,,SL,
bea,sl,14iv2021,Claytonia caroliniana,1224,1238,10,,SL,
bea,sl,19iv2021,Hepatica nobilis,940,950,10,,SL,
bea,sl,19iv2021,Claytonia caroliniana,956,1008,10,,SL,
bea,sl,19iv2021,Salix sp.,1016,1030,10,,SL,
bea,sl,19iv2021,Hepatica nobilis,1052,1102,10,,SL,
bea,sl,19iv2021,Claytonia caroliniana,1104,1136,10,,SL,
bea,sl,19iv2021,Salix sp.,1151,1210,10,,SL,
mcc,cs,23iv2021,Claytonia caroliniana,1157,1235,10,,SL,
mcc,cs,23iv2021,Salix sp.,1252,1332,10,,SL,
mcc,cs,23iv2021,Acer campestre,1404,1420,10,acecam = tree,SL,
mcc,cs,23iv2021,Trillium grandiflorum,1430,1452,10,,SL,
mcc,cs,23iv2021,Claytonia caroliniana,1457,1512,10,,SL,
mcc,cs,23iv2021,Salix sp.,1525,1544,10,,SL,
mcc,cs,23iv2021,Acer campestre,1605,1620,10,,SL,
mcc,cs,23iv2021,Trillium grandiflorum,1632,1643,10,,SL,
mcc,cs,24iv2021,Salix sp.,948,1008,10,0 bees,SL,
mcc,cs,24iv2021,Acer campestre,1029,1045,10,,SL,
mcc,cs,24iv2021,Trillium grandiflorum,1052,1106,10,0 bees,SL,
mcc,cs,24iv2021,Claytonia caroliniana,1110,1135,10,,SL,
mcc,cs,24iv2021,Salix sp.,1156,1218,10,,SL,
mcc,cs,24iv2021,Acer campestre,1244,1303,10,,SL,
mcc,cs,24iv2021,Trillium grandiflorum,1318,1330,10,,SL,
mcc,cs,24iv2021,Claytonia caroliniana,1334,1400,10,,SL,
mcc,cs,2v2021,Acer campestre,1224,1236,10,,SL,
mcc,cs,2v2021,Trillium grandiflorum,1300,1310,10,,SL,
mcc,cs,2v2021,Claytonia caroliniana,1320,1333,10,,SL,
mcc,cs,2v2021,Salix sp.,1349,1402,10,,SL,
mcc,cs,2v2021,Acer campestre,1420,1434,10,,SL,
mcc,cs,2v2021,Trillium grandiflorum,1445,1515,10,,SL,
mcc,cs,2v2021,Claytonia caroliniana,1523,1550,10,,SL,
mcc,cs,2v2021,Salix sp.,1606,-,10,end time missing,SL,
mcc,sl,23iv2021,Acer campestre,1153,1206,10,acecam = tree,SL,
mcc,sl,23iv2021,Trillium grandiflorum,1215,1225,10,,SL,
mcc,sl,23iv2021,Claytonia caroliniana,1238,1252,10,,SL,
mcc,sl,23iv2021,Salix sp.,1313,1326,10,,SL,
mcc,sl,23iv2021,Acer campestre,1400,1413,10,,SL,
mcc,sl,23iv2021,Trillium grandiflorum,1430,1443,10,,SL,
mcc,sl,23iv2021,Claytonia caroliniana,1450,1505,10,,SL,
mcc,sl,23iv2021,Salix sp.,1526,1540,10,,SL,
mcc,sl,24iv2021,Trillium grandiflorum,938,948,10,,SL,
mcc,sl,24iv2021,Claytonia caroliniana,955,1005,10,,SL,
mcc,sl,24iv2021,Salix sp.,1017,1018,10,,SL,
mcc,sl,24iv2021,Acer campestre,1050,1106,10,,SL,
mcc,sl,24iv2021,Trillium grandiflorum,1120,1130,10,,SL,
mcc,sl,24iv2021,Claytonia caroliniana,1153,1204,10,,SL,
mcc,sl,24iv2021,Salix sp.,1225,1235,10,,SL,
mcc,sl,24iv2021,Acer campestre,1255,1315,10,,SL,
mcc,sl,2v2021,Claytonia caroliniana,1256,1307,10,,SL,
mcc,sl,2v2021,Salix sp.,1316,1330,10,,SL,
mcc,sl,2v2021,Acer campestre,1355,1415,10,,SL,
mcc,sl,2v2021,Trillium grandiflorum,1431,1445,10,,SL,
mcc,sl,2v2021,Claytonia caroliniana,1515,1530,10,,SL,
mcc,sl,2v2021,Salix sp.,1545,1555,10,,SL,
mcc,sl,2v2021,Acer campestre,1612,1612,10,,SL,
mcc,sl,2v2021,Trillium grandiflorum,1629,1650,10,,SL,
mon,cs,6v2021,Caltha palustris,1249,1312,10,,SL,
mon,cs,6v2021,Saxifraga virginiensis,1322,1334,10,stopped due to clouds,SL,
mon,cs,9v2021,Saxifraga virginiensis,1015,1030,10,,SL,
mon,cs,9v2021,Salix sp.,1104,1130,10,,SL,
mon,cs,9v2021,Caltha palustris,1139,1210,10,,SL,
mon,cs,9v2021,Saxifraga virginiensis,1220,1239,10,stopped due to clouds,SL,
mon,cs,10v2021,Salix sp.,1036,1059,10,,SL,
mon,cs,10v2021,Caltha palustris,1103,1132,10,,SL,
mon,cs,12v2021,Salix sp. ,950,1003,10,Claytonia done blooming,SL,
mon,cs,12v2021,Caltha palustris,1006,1023,10,,SL,
mon,cs,12v2021,Saxifraga virginiensis,1030,1045,10,,SL,
mon,cs,12v2021,Salix sp.,1049,1101,10,,SL,
mon,cs,12v2021,Caltha palustris,1106,1212,10,,SL,
mon,cs,12v2021,Saxifraga virginiensis,1220,1250,10,,SL,
mon,cs,12v2021,Salix sp.,1255,1318,10,,SL,
mon,cs,12v2021,Caltha palustris,1322,1400,10,,SL,
mon,cs,12v2021,Saxifraga virginiensis,1404,1429,10,,SL,
mon,cs,12v2021,Salix sp.,1429,1442,10,start/end time recordings unclear/may be incorrect,SL,
mon,sl,6v2021,Salix sp.,1258,1311,10,,SL,
mon,sl,6v2021,Caltha palustris,1320,1339,10,,SL,
mon,sl,6v2021,Saxifraga virginiensis,1353,1355,2,time completed on 10v2021,SL,
mon,sl,9v2021,Salix sp.,1020,1033,10,,SL,
mon,sl,9v2021,Caltha palustris,1038,1056,10,,SL,
mon,sl,9v2021,Saxifraga virginiensis,1112,1131,10,,SL,
mon,sl,9v2021,Salix sp.,1205,1215,10,,SL,
mon,sl,9v2021,Caltha palustris,1221,1234,10,,SL,
mon,sl,10v2021,Saxifraga virginiensis,1016,1020,10,finishing up from 9v2021,SL,
mon,sl,10v2021,Saxifraga virginiensis,1103,1116,8,rest of time from 6v2021,SL,
mon,sl,10v2021,Salix sp.,1138,1148,10,finishing up from 6v2021,SL,
mon,sl,12v2021,Caltha palustris,930,940,10,finishing up from 6v2021,SL,
mon,sl,12v2021,Saxifraga virginiensis,948,958,10,finishing up from 6v2021,SL,
mon,sl,12v2021,Salix sp.,1005,1015,10,Claytonia done blooming,SL,
mon,sl,12v2021,Caltha palustris,1018,1032,10,,SL,
mon,sl,12v2021,Saxifraga virginiensis,1047,1059,10,,SL,
mon,sl,12v2021,Salix sp.,1103,1113,10,,SL,
mon,sl,12v2021,Caltha palustris,1116,1136,10,,SL,
mon,sl,12v2021,Saxifraga virginiensis,1153,1206,10,,SL,
kan,cs,14v2021,Alliaria petiolata,1030,1050,10,,SL,
kan,cs,14v2021,Barbarea vulgaris,1115,1200,10,,SL,
kan,cs,14v2021,Vaccinium myrtilloides,1210,125,10,,SL,
kan,cs,14v2021,Glechoma hederacea,1231,1251,10,,SL,
kan,cs,14v2021,Alliaria petiolata,1257,1326,10,,SL,
kan,cs,14v2021,Barbarea vulgaris,1338,1400,10,,SL,
kan,cs,14v2021,Vaccinium myrtilloides,1416,1431,10,,SL,
kan,cs,14v2021,Glechoma hederacea,1448,1501,10,,SL,
kan,cs,15v2021,Barbarea vulgaris,1026,1051,10,,SL,
kan,cs,15v2021,Vaccinium myrtilloides,1116,1141,10,,SL,
kan,cs,15v2021,Glechoma hederacea,1146,1210,10,,SL,
kan,cs,15v2021,Alliaria petiolata,1216,1250,10,,SL,
kan,cs,15v2021,Barbarea vulgaris,1302,1320,10,,SL,
kan,cs,15v2021,Vaccinium myrtilloides,1346,1407,10,,SL,
kan,cs,15v2021,Glechoma hederacea,1419,1436,10,,SL,
kan,cs,15v2021,Alliaria petiolata,1440,-,10,end time missing,SL,
kan,cs,16v2021,Vaccinium myrtilloides,950,1008,10,,SL,
kan,cs,16v2021,Glechoma hederacea,1013,1036,10,,SL,
kan,cs,16v2021,Alliaria petiolata,1040,1106,10,,SL,
kan,cs,16v2021,Barbarea vulgaris,1113,1153,10,,SL,
kan,cs,16v2021,Vaccinium myrtilloides,1220,1247,10,,SL,
kan,cs,16v2021,Glechoma hederacea,1256,1307,10,,SL,
kan,cs,16v2021,Alliaria petiolata,1314,1341,10,,SL,
kan,cs,16v2021,Barbarea vulgaris,1354,1429,10,,SL,
kan,sl,14v2021,Vaccinium myrtilloides,1013,1023,10,,SL,
kan,sl,14v2021,Glechoma hederacea,1036,1054,10,,SL,
kan,sl,14v2021,Alliaria petiolata,1057,1107,10,,SL,
kan,sl,14v2021,Barbarea vulgaris,1119,1134,10,,SL,
kan,sl,14v2021,Vaccinium myrtilloides,1152,1210,10,,SL,
kan,sl,14v2021,Glechoma hederacea,1219,1232,10,,SL,
kan,sl,14v2021,Alliaria petiolata,1238,1258,10,,SL,
kan,sl,14v2021,Barbarea vulgaris,1308,-,10,end time missing,SL,
kan,sl,15v2021,Glechoma hederacea,1027,1049,10,,SL,
kan,sl,15v2021,Alliaria petiolata,1101,1134,10,,SL,
kan,sl,15v2021,Barbarea vulgaris,1142,1155,10,,SL,
kan,sl,15v2021,Vaccinium myrtilloides,1215,1241,10,,SL,
kan,sl,15v2021,Glechoma hederacea,1250,1307,10,,SL,
kan,sl,15v2021,Alliaria petiolata,1315,1338,10,,SL,
kan,sl,15v2021,Barbarea vulgaris,1347,1402,10,,SL,
kan,sl,15v2021,Vaccinium myrtilloides,1427,1445,10,,SL,
kan,sl,16v2021,Alliaria petiolata,942,954,10,,SL,
kan,sl,16v2021,Barbarea vulgaris,1002,1023,10,,SL,
kan,sl,16v2021,Vaccinium myrtilloides,1042,1108,10,,SL,
kan,sl,16v2021,Glechoma hederacea,1113,1131,10,,SL,
kan,sl,16v2021,Alliaria petiolata,1145,1214,10,,SL,
kan,sl,16v2021,Barbarea vulgaris,1226,1243,10,,SL,
kan,sl,16v2021,Vaccinium myrtilloides,1303,1318,10,,SL,
kan,sl,16v2021,Glechoma hederacea,1305,1358,10,,SL,
tim,cs,17v2021,Euphorbia cyparissias,1103,1121,10,eupcyp = yellow,SL,
tim,cs,17v2021,Lonicera xylosteum,1122,1140,10,,SL,
tim,cs,17v2021,Vaccinium myrtilloides,1200,1238,10,,SL,
tim,cs,17v2021,Barbarea vulgaris,1257,1328,10,,SL,
tim,cs,17v2021,Euphorbia cyparissias,1328,1354,10,,SL,
tim,cs,17v2021,Lonicera xylosteum,1354,1423,10,,SL,
tim,cs,17v2021,Vaccinium myrtilloides,1434,1502,10,,SL,
tim,cs,17v2021,Barbarea vulgaris,1507,1525,10,,SL,
tim,cs,18v2021,Lonicera xylosteum,1049,1120,10,,SL,
tim,cs,18v2021,Vaccinium myrtilloides,1131,1159,10,,SL,
tim,cs,18v2021,Barbarea vulgaris,1202,1232,10,,SL,
tim,cs,18v2021,Euphorbia cyparissias,1242,1300,10,,SL,
tim,cs,18v2021,Lonicera xylosteum,1301,1338,10,,SL,
tim,cs,18v2021,Vaccinium myrtilloides,1352,1412,10,,SL,
tim,cs,18v2021,Barbarea vulgaris,1415,1434,10,,SL,
tim,cs,18v2021,Euphorbia cyparissias,1448,1500,10,,SL,
tim,cs,19v2021,Vaccinium myrtilloides,959,1019,10,,SL,
tim,cs,19v2021,Barbarea vulgaris,1023,1058,10,,SL,
tim,cs,19v2021,Euphorbia cyparissias,1109,1133,10,,SL,
tim,cs,19v2021,Lonicera xylosteum,1134,1207,10,,SL,
tim,cs,19v2021,Vaccinium myrtilloides,1222,1247,10,,SL,
tim,cs,19v2021,Barbarea vulgaris,1250,1311,10,,SL,
tim,cs,19v2021,Euphorbia cyparissias,1327,1343,10,,SL,
tim,cs,19v2021,Lonicera xylosteum,1343,1410,10,,SL,
tim,sl,17v2021,Vaccinium myrtilloides,1051,1111,10,,SL,
tim,sl,17v2021,Barbarea vulgaris,1122,1136,10,,SL,
tim,sl,17v2021,Euphorbia cyparissias,1157,1213,10,,SL,
tim,sl,17v2021,Lonicera xylosteum,1217,1233,10,,SL,
tim,sl,17v2021,Vaccinium myrtilloides,1258,1316,10,,SL,
tim,sl,17v2021,Barbarea vulgaris,1334,1348,10,,SL,
tim,sl,17v2021,Euphorbia cyparissias,1412,1430,10,,SL,
tim,sl,17v2021,Lonicera xylosteum,1437,1449,10,,SL,
tim,sl,18v2021,Barbarea vulgaris,1040,1109,10,,SL,
tim,sl,18v2021,Euphorbia cyparissias,1114,1134,10,,SL,
tim,sl,18v2021,Lonicera xylosteum,1153,1215,10,,SL,
tim,sl,18v2021,Vaccinium myrtilloides,1236,1256,10,,SL,
tim,sl,18v2021,Barbarea vulgaris,1305,1322,10,,SL,
tim,sl,18v2021,Euphorbia cyparissias,1338,1329,10,,SL,
tim,sl,18v2021,Lonicera xylosteum,1403,1422,10,,SL,
tim,sl,18v2021,Vaccinium myrtilloides,1445,1457,10,,SL,
tim,sl,19v2021,Euphorbia cyparissias,939,959,10,,SL,
tim,sl,19v2021,Lonicera xylosteum,1017,1048,10,,SL,
tim,sl,19v2021,Vaccinium myrtilloides,1107,1130,10,,SL,
tim,sl,19v2021,Barbarea vulgaris,1139,1158,10,,SL,
tim,sl,19v2021,Euphorbia cyparissias,1218,1236,10,,SL,
tim,sl,19v2021,Lonicera xylosteum,1243,1309,10,,SL,
tim,sl,19v2021,Vaccinium myrtilloides,1327,1343,10,,SL,
tim,sl,19v2021,Barbarea vulgaris,1355,1410,10,,SL,
rob,cs,21v2021,Vaccinium myrtilloides,1148,1215,10,maican not blooming yet,SL,
rob,cs,21v2021,Alliaria petiolata,1232,1304,10,,SL,
rob,cs,21v2021,Lonicera xylosteum,1304,1324,10,,SL,
rob,cs,21v2021,Vaccinium myrtilloides,1337,1359,10,,SL,
rob,cs,21v2021,Alliaria petiolata,1413,1437,10,,SL,
rob,cs,21v2021,Lonicera xylosteum,1444,1504,10,,SL,
rob,cs,23v2021,Maianthemum canadense,1052,1106,10,,SL,
rob,cs,23v2021,Alliaria petiolata,1122,1136,10,,SL,
rob,cs,23v2021,Lonicera xylosteum,1136,1148,10,,SL,
rob,cs,23v2021,Vaccinium myrtilloides,1201,1218,10,,SL,
rob,cs,23v2021,Maianthemum canadense,1218,1231,10,,SL,
rob,cs,23v2021,Alliaria petiolata,1249,1303,10,,SL,
rob,cs,23v2021,Lonicera xylosteum,1308,1320,10,,SL,
rob,cs,23v2021,Vaccinium myrtilloides,1335,1352,10,,SL,
rob,cs,23v2021,Maianthemum canadense,1352,1407,10,made up for 1st round of sampling from 21v2021,SL,
rob,cs,24v2021,Alliaria petiolata,1014,1026,10,,SL,
rob,cs,24v2021,Lonicera xylosteum,1034,1058,10,,SL,
rob,cs,24v2021,Vaccinium myrtilloides,1108,1123,10,,SL,
rob,cs,24v2021,Maianthemum canadense,1127,1146,10,,SL,
rob,cs,24v2021,Alliaria petiolata,1201,1232,10,,SL,
rob,cs,24v2021,Lonicera xylosteum,1232,1309,10,,SL,
rob,cs,24v2021,Vaccinium myrtilloides,1321,1350,10,,SL,
rob,cs,24v2021,Maianthemum canadense,1351,1401,10,,SL,
rob,cs,24v2021,Maianthemum canadense,1410,1420,10,made up for 2st round of sampling from 21v2021,SL,
rob,sl,21v2021,Alliaria petiolata,1138,1156,10,,SL,
rob,sl,21v2021,Lonicera xylosteum,1211,1223,10,,SL,
rob,sl,21v2021,Vaccinium myrtilloides,1234,1253,10,,SL,
rob,sl,21v2021,Alliaria petiolata,1316,1340,10,,SL,
rob,sl,21v2021,Lonicera xylosteum,1348,1400,10,,SL,
rob,sl,21v2021,Vaccinium myrtilloides,1415,-,10,end time missing,SL,
rob,sl,23v2021,Lonicera xylosteum,1051,1106,10,,SL,
rob,sl,23v2021,Vaccinium myrtilloides,1121,1135,10,,SL,
rob,sl,23v2021,Maianthemum canadense,1140,1152,10,,SL,
rob,sl,23v2021,Alliaria petiolata,1204,1214,10,,SL,
rob,sl,23v2021,Lonicera xylosteum,1217,1228,10,,SL,
rob,sl,23v2021,Vaccinium myrtilloides,1241,1259,10,,SL,
rob,sl,23v2021,Maianthemum canadense,1300,1312,10,,SL,
rob,sl,23v2021,Alliaria petiolata,1326,1341,10,,SL,
rob,sl,24v2021,Maianthemum canadense,1358,1409,10,made up for 1st round of sampling from 21v2021,SL,
rob,sl,24v2021,Vaccinium myrtilloides,1024,1042,10,,SL,
rob,sl,24v2021,Maianthemum canadense,1048,1057,10,,SL,
rob,sl,24v2021,Alliaria petiolata,1109,1125,10,,SL,
rob,sl,24v2021,Lonicera xylosteum,1128,1140,10,,SL,
rob,sl,24v2021,Vaccinium myrtilloides,1153,1210,10,,SL,
rob,sl,24v2021,Maianthemum canadense,1212,1224,10,,SL,
rob,sl,24v2021,Alliaria petiolata,1242,1259,10,,SL,
rob,sl,24v2021,Lonicera xylosteum,1311,1337,10,,SL,
rob,sl,24v2021,Maianthemum canadense,1353,1404,10,made up for 2st round of sampling from 21v2021,SL,