focal_genus,sister_genus,dist,family,closet_rel_spec_host,random,round_picked,same_hab,sister_a_specialist,sisters_not_in_inat,rank,F,pval,residual_df,n_focal,n_sister,family_focal,family_sister,keep,sister_a_crop,focal_a_crop
Salix,Populus,76.077324,Salicaceae,no,FALSE,1,FALSE,FALSE,FALSE,genus,3.919641579,0.015,28,25,5,Salicaceae,Salicaceae,FALSE,FALSE,FALSE
Salix,Xylosma,92.098276,Salicaceae,no,FALSE,2,TRUE,FALSE,TRUE,genus,2.288881699,0.144,24,25,1,Salicaceae,Salicaceae,FALSE,FALSE,FALSE
Salix,Piriqueta,182.252868,Salicaceae,no,FALSE,20,FALSE,FALSE,FALSE,genus,4.09044987,0.047,24,25,1,Salicaceae,Passifloraceae,FALSE,FALSE,FALSE
Salix,Elatine,189.730558,Salicaceae,no,TRUE,21,TRUE,NA,TRUE,genus,2.507291494,0.065,28,25,5,Salicaceae,Elatinaceae,FALSE,FALSE,FALSE
Salix,Triadenum,189.730558,Salicaceae,no,TRUE,28,TRUE,FALSE,TRUE,genus,1.324311081,0.248,27,25,4,Salicaceae,Hypericaceae,TRUE,FALSE,FALSE
Arabis,Draba,37.645576,Brassicaceae,no,FALSE,1,FALSE,FALSE,FALSE,genus,3.854849244,0.058,12,3,11,Brassicaceae,Brassicaceae,FALSE,FALSE,FALSE
Arabis,Warea,53.86886,Brassicaceae,no,TRUE,2,TRUE,FALSE,FALSE,genus,1.331199355,0.315,5,3,4,Brassicaceae,Brassicaceae,TRUE,FALSE,FALSE
Cardamine,Iodanthus,26.562478,Brassicaceae,no,FALSE,1,TRUE,FALSE,FALSE,genus,1.748536101,0.059,16,17,1,Brassicaceae,Brassicaceae,TRUE,FALSE,FALSE
Geranium,Erodium,61.49529,Geraniaceae,no,FALSE,1,TRUE,FALSE,TRUE,genus,0.625294865,0.833333333,4,5,1,Geraniaceae,Geraniaceae,FALSE,FALSE,FALSE
Geranium,Camissoniopsis,219.379431,Geraniaceae,no,TRUE,20,TRUE,FALSE,TRUE,genus,0.625294865,0.833333333,4,5,1,Geraniaceae,Onagraceae,FALSE,FALSE,FALSE
Geranium,Calylophus,219.379431,Geraniaceae,no,TRUE,21,TRUE,NA,TRUE,genus,0.878594293,0.524,5,5,2,Geraniaceae,Onagraceae,FALSE,FALSE,FALSE
Geranium,Clarkia,219.379431,Geraniaceae,no,FALSE,26,TRUE,NA,TRUE,genus,1.080105925,0.346,7,5,4,Geraniaceae,Onagraceae,FALSE,FALSE,FALSE
Geranium,Rotala,219.379432,Geraniaceae,no,TRUE,27,TRUE,NA,FALSE,genus,0.625294865,0.833333333,4,5,1,Geraniaceae,Lythraceae,TRUE,FALSE,FALSE
Claytonia,Montia,28.988022,Montiaceae,no,FALSE,1,TRUE,FALSE,FALSE,genus,0.067036593,0.952,6,5,3,Montiaceae,Montiaceae,TRUE,FALSE,FALSE
Erythronium,Lilium,70.996332,Liliaceae,no,TRUE,1,FALSE,FALSE,FALSE,genus,7.404494387,0.001,11,4,9,Liliaceae,Liliaceae,FALSE,FALSE,FALSE
Erythronium,Medeola,70.996332,Liliaceae,no,TRUE,2,TRUE,FALSE,FALSE,genus,1.452313883,0.6,3,4,1,Liliaceae,Liliaceae,TRUE,FALSE,FALSE
Parnassia,Lepuropetalon,48.732894,Celastraceae,no,FALSE,1,FALSE,FALSE,FALSE,genus,4.981782178,0.2,3,4,1,Celastraceae,Celastraceae,FALSE,FALSE,FALSE
Parnassia,Hippocratea,137.079108,Celastraceae,no,TRUE,2,TRUE,FALSE,FALSE,genus,0.942178218,0.6,3,4,1,Celastraceae,Celastraceae,TRUE,FALSE,FALSE
Polemonium,Phlox,59.608556,Polemoniaceae,no,TRUE,1,TRUE,FALSE,FALSE,genus,0.188632823,0.958,19,4,17,Polemoniaceae,Polemoniaceae,TRUE,FALSE,FALSE
Viola,Hybanthus,94.452106,Violaceae,no,FALSE,1,TRUE,FALSE,FALSE,genus,0.486967124,0.81,30,30,2,Violaceae,Violaceae,TRUE,FALSE,FALSE
Zizia,Thaspium,3.5039,Apiaceae,no,FALSE,1,TRUE,TRUE,FALSE,genus,1.425531915,0.6,4,3,3,Apiaceae,Apiaceae,FALSE,FALSE,FALSE
Zizia,Polytaenia,7.180816,Apiaceae,no,FALSE,18,TRUE,FALSE,FALSE,genus,1,1,2,3,1,Apiaceae,Apiaceae,TRUE,FALSE,FALSE
Zizia,Spermolepis,11.01077,Apiaceae,no,FALSE,19,TRUE,FALSE,FALSE,genus,2,0.4,4,3,3,Apiaceae,Apiaceae,FALSE,FALSE,FALSE
Verbena,Glandularia,11.037372,Verbenaceae,no,FALSE,1,TRUE,FALSE,FALSE,genus,0.972536141,0.399,16,13,5,Verbenaceae,Verbenaceae,TRUE,FALSE,FALSE
Ilex,Nemopanthus,86.378346,Aquifoliaceae,no,FALSE,1,TRUE,FALSE,FALSE,genus,0.324470075,0.94,15,16,1,Aquifoliaceae,Aquifoliaceae,FALSE,FALSE,TRUE
Ilex,Bowlesia,205.385682,Aquifoliaceae,no,TRUE,32,TRUE,NA,FALSE,genus,0.395482226,0.82,15,16,1,Aquifoliaceae,Apiaceae,TRUE,FALSE,TRUE
Ilex,Sanicula,205.385682,Aquifoliaceae,no,TRUE,33,FALSE,NA,FALSE,genus,6.285483869,0.002,19,16,5,Aquifoliaceae,Apiaceae,FALSE,FALSE,TRUE
Ilex,Sambucus,205.385682,Aquifoliaceae,no,TRUE,34,TRUE,NA,TRUE,genus,1.12241912,0.399,16,16,2,Aquifoliaceae,Adoxaceae,FALSE,TRUE,TRUE
Ilex,Valerianella,205.385682,Aquifoliaceae,no,TRUE,35,TRUE,NA,FALSE,genus,2.493385839,0.052,17,16,3,Aquifoliaceae,Caprifoliaceae,FALSE,FALSE,TRUE
Agalinis,Aureolaria,19.879056,Orobanchaceae,no,TRUE,1,FALSE,FALSE,FALSE,genus,3.46354338,0.036,32,27,7,Orobanchaceae,Orobanchaceae,FALSE,FALSE,FALSE
Agalinis,Dasistoma,19.879056,Orobanchaceae,no,TRUE,2,TRUE,FALSE,FALSE,genus,1.025015865,0.521,26,27,1,Orobanchaceae,Orobanchaceae,TRUE,FALSE,FALSE
Monarda,Pycnanthemum,2.178328,Lamiaceae,no,FALSE,1,FALSE,FALSE,FALSE,genus,7.801817626,0.002,26,10,18,Lamiaceae,Lamiaceae,FALSE,FALSE,FALSE
Monarda,Blephilia,2.18361,Lamiaceae,no,FALSE,2,FALSE,FALSE,FALSE,genus,18.81083424,0.01,11,10,3,Lamiaceae,Lamiaceae,FALSE,FALSE,FALSE
Monarda,Hedeoma,5.455357,Lamiaceae,no,FALSE,3,FALSE,FALSE,FALSE,genus,10.32754342,0.003,11,10,3,Lamiaceae,Lamiaceae,FALSE,FALSE,FALSE
Monarda,Piloblephis,8.358238,Lamiaceae,no,TRUE,4,FALSE,FALSE,FALSE,genus,45.20454545,0.095,9,10,1,Lamiaceae,Lamiaceae,FALSE,FALSE,FALSE
Monarda,Dicerandra,8.358238,Lamiaceae,no,TRUE,5,FALSE,FALSE,FALSE,genus,14.38623425,0.001,13,10,5,Lamiaceae,Lamiaceae,FALSE,FALSE,FALSE
Monarda,Conradina,8.358238,Lamiaceae,no,FALSE,6,FALSE,FALSE,FALSE,genus,4.976421637,0.079,12,10,4,Lamiaceae,Lamiaceae,FALSE,FALSE,FALSE
Monarda,Mentha,11.830536,Lamiaceae,no,FALSE,7,FALSE,FALSE,FALSE,genus,45.20454545,0.105,9,10,1,Lamiaceae,Lamiaceae,FALSE,TRUE,FALSE
Monarda,Prunella,31.665736,Lamiaceae,no,FALSE,8,FALSE,FALSE,FALSE,genus,5.573863636,0.097,9,10,1,Lamiaceae,Lamiaceae,FALSE,FALSE,FALSE
Monarda,Meehania,33.013069,Lamiaceae,no,TRUE,9,FALSE,FALSE,FALSE,genus,38.30113636,0.081,9,10,1,Lamiaceae,Lamiaceae,FALSE,FALSE,FALSE
Monarda,Dracocephalum,33.013069,Lamiaceae,no,TRUE,10,FALSE,FALSE,FALSE,genus,3.272727273,0.288,9,10,1,Lamiaceae,Lamiaceae,FALSE,FALSE,FALSE
Monarda,Agastache,33.01307,Lamiaceae,no,FALSE,11,FALSE,FALSE,FALSE,genus,5.360794045,0.056,11,10,3,Lamiaceae,Lamiaceae,FALSE,FALSE,FALSE
Monarda,Lycopus,34.300758,Lamiaceae,no,FALSE,12,FALSE,FALSE,FALSE,genus,191.3012996,0.001,15,10,7,Lamiaceae,Lamiaceae,FALSE,FALSE,FALSE
Monarda,Salvia,39.20069,Lamiaceae,no,FALSE,13,FALSE,FALSE,FALSE,genus,3.176502822,0.036,16,10,8,Lamiaceae,Lamiaceae,FALSE,TRUE,FALSE
Monarda,Ocimum,50.715503,Lamiaceae,no,TRUE,14,FALSE,FALSE,FALSE,genus,39.31363636,0.104,9,10,1,Lamiaceae,Lamiaceae,FALSE,TRUE,FALSE
Monarda,Hyptis,50.715504,Lamiaceae,no,TRUE,15,FALSE,FALSE,FALSE,genus,6.684715997,0.024,11,10,3,Lamiaceae,Lamiaceae,FALSE,TRUE,FALSE
Monarda,Collinsonia,50.715504,Lamiaceae,no,FALSE,16,FALSE,FALSE,FALSE,genus,56.41389578,0.006,11,10,3,Lamiaceae,Lamiaceae,FALSE,FALSE,FALSE
Monarda,Trichostema,68.560835,Lamiaceae,no,TRUE,17,TRUE,FALSE,FALSE,genus,1.853910795,0.386,12,10,4,Lamiaceae,Lamiaceae,TRUE,FALSE,FALSE
Physalis,Leucophysalis,16.724042,Solanaceae,no,FALSE,1,TRUE,FALSE,TRUE,genus,0.305872981,1,17,18,1,Solanaceae,Solanaceae,FALSE,FALSE,TRUE
Physalis,Capsicum,35.13316,Solanaceae,no,FALSE,20,TRUE,FALSE,TRUE,genus,0.324085265,1,17,18,1,Solanaceae,Solanaceae,FALSE,TRUE,TRUE
Physalis,Solanum,36.792914,Solanaceae,no,TRUE,21,TRUE,NA,TRUE,genus,0.552673054,0.604,32,18,16,Solanaceae,Solanaceae,FALSE,TRUE,TRUE
Physalis,Jaltomata,36.792914,Solanaceae,no,FALSE,32,TRUE,NA,TRUE,genus,0.324085265,1,17,18,1,Solanaceae,Solanaceae,FALSE,TRUE,TRUE
Physalis,Datura,37.546428,Solanaceae,no,FALSE,33,TRUE,NA,FALSE,genus,0.651983299,0.736,18,18,2,Solanaceae,Solanaceae,TRUE,FALSE,TRUE
Physalis,Nicotiana,59.82542,Solanaceae,no,FALSE,34,TRUE,NA,FALSE,genus,0.983149418,0.343,19,18,3,Solanaceae,Solanaceae,FALSE,FALSE,TRUE
Physalis,Bouchetia,79.320099,Solanaceae,no,FALSE,35,TRUE,NA,FALSE,genus,0.656109219,0.346,17,18,1,Solanaceae,Solanaceae,FALSE,FALSE,TRUE
Physalis,Merremia,133.29965,Solanaceae,no,TRUE,36,TRUE,NA,TRUE,genus,1.310268679,0.222,20,18,4,Solanaceae,Convolvulaceae,FALSE,FALSE,TRUE
Physalis,Jacquemontia,133.29965,Solanaceae,no,TRUE,37,TRUE,NA,FALSE,genus,1.97538421,0.123,21,18,5,Solanaceae,Convolvulaceae,FALSE,FALSE,TRUE
Polygonella,Polygonum,11.316926,Polygonaceae,no,FALSE,1,TRUE,FALSE,FALSE,genus,2.914024914,0.07,21,10,13,Polygonaceae,Polygonaceae,TRUE,FALSE,FALSE
Passiflora,Turnera,94.799418,Passifloraceae,no,TRUE,1,TRUE,TRUE,FALSE,genus,0.577469709,0.769,7,8,1,Passifloraceae,Passifloraceae,FALSE,FALSE,TRUE
Passiflora,Piriqueta,94.799418,Passifloraceae,no,FALSE,30,FALSE,NA,FALSE,genus,4.401330729,0.113,7,8,1,Passifloraceae,Passifloraceae,FALSE,FALSE,TRUE
Passiflora,Populus,182.252868,Passifloraceae,no,FALSE,31,TRUE,NA,FALSE,genus,1.294418562,0.303,11,8,5,Passifloraceae,Salicaceae,TRUE,FALSE,TRUE
Ceanothus,Colubrina,57.495996,Rhamnaceae,no,FALSE,1,FALSE,FALSE,FALSE,genus,7.680465629,0.023,5,4,3,Rhamnaceae,Rhamnaceae,FALSE,FALSE,FALSE
Ceanothus,Gouania,59.708754,Rhamnaceae,no,TRUE,2,FALSE,FALSE,FALSE,genus,3.219789474,0.2,3,4,1,Rhamnaceae,Rhamnaceae,FALSE,FALSE,FALSE
Ceanothus,Ziziphus,59.708753,Rhamnaceae,no,FALSE,3,TRUE,FALSE,TRUE,genus,1.105263158,0.6,3,4,1,Rhamnaceae,Rhamnaceae,FALSE,TRUE,FALSE
Ceanothus,Rhamnus,102.796983,Rhamnaceae,no,TRUE,20,FALSE,FALSE,FALSE,genus,6.951111111,0.066666667,4,4,2,Rhamnaceae,Rhamnaceae,FALSE,FALSE,FALSE
Ceanothus,Frangula,102.796984,Rhamnaceae,no,TRUE,21,TRUE,NA,FALSE,genus,0.812674544,0.6,3,4,1,Rhamnaceae,Rhamnaceae,TRUE,FALSE,FALSE
Houstonia,Oldenlandia,25.04217,Rubiaceae,no,FALSE,1,TRUE,FALSE,FALSE,genus,0.998903626,0.471,10,9,3,Rubiaceae,Rubiaceae,TRUE,FALSE,FALSE
Calystegia,Convolvulus,29.159069,Convolvulaceae,no,FALSE,1,TRUE,TRUE,FALSE,genus,0.350488021,0.875,5,6,1,Convolvulaceae,Convolvulaceae,FALSE,FALSE,FALSE
Calystegia,Turbina,32.503312,Convolvulaceae,no,FALSE,18,TRUE,TRUE,FALSE,genus,1.734693878,0.273,5,6,1,Convolvulaceae,Convolvulaceae,FALSE,FALSE,FALSE
Calystegia,Merremia,33.984084,Convolvulaceae,no,FALSE,19,TRUE,TRUE,TRUE,genus,0.628901734,0.646,8,6,4,Convolvulaceae,Convolvulaceae,FALSE,FALSE,FALSE
Calystegia,Aniseia,67.49533,Convolvulaceae,no,FALSE,28,TRUE,NA,TRUE,genus,0.350488021,0.845,5,6,1,Convolvulaceae,Convolvulaceae,FALSE,FALSE,FALSE
Calystegia,Evolvulus,95.173761,Convolvulaceae,no,TRUE,29,TRUE,NA,FALSE,genus,0.745895317,0.569,7,6,3,Convolvulaceae,Convolvulaceae,TRUE,FALSE,FALSE
Pontederia,Heteranthera,25.453186,Pontederiaceae,no,FALSE,1,TRUE,FALSE,FALSE,genus,0.2,0.8,3,1,4,Pontederiaceae,Pontederiaceae,TRUE,FALSE,FALSE
Oenothera,Camissonia,3.72172,Onagraceae,no,FALSE,1,TRUE,TRUE,FALSE,genus,0.471701804,0.744,26,26,2,Onagraceae,Onagraceae,FALSE,FALSE,FALSE
Oenothera,Gaura,36.167002,Onagraceae,no,FALSE,18,TRUE,FALSE,FALSE,genus,0.298400002,0.776,30,26,6,Onagraceae,Onagraceae,FALSE,FALSE,FALSE
Oenothera,Epilobium,51.505692,Onagraceae,no,FALSE,19,FALSE,FALSE,FALSE,genus,25.62176188,0.001,33,26,9,Onagraceae,Onagraceae,FALSE,FALSE,FALSE
Oenothera,Circaea,84.142312,Onagraceae,no,FALSE,32,FALSE,NA,FALSE,genus,9.186088276,0.007,26,26,2,Onagraceae,Onagraceae,FALSE,FALSE,FALSE
Oenothera,Camissoniopsis,121.129405,Onagraceae,no,TRUE,33,TRUE,NA,TRUE,genus,0.235178962,1,25,26,1,Onagraceae,Onagraceae,FALSE,FALSE,FALSE
Oenothera,Calylophus,121.129405,Onagraceae,no,TRUE,34,TRUE,NA,TRUE,genus,0.313203683,0.82,26,26,2,Onagraceae,Onagraceae,FALSE,FALSE,FALSE
Oenothera,Ludwigia,121.129406,Onagraceae,no,FALSE,35,FALSE,NA,FALSE,genus,64.42467541,0.001,52,26,28,Onagraceae,Onagraceae,FALSE,FALSE,FALSE
Oenothera,Lythrum,145.271754,Onagraceae,no,TRUE,38,FALSE,NA,FALSE,genus,7.869498977,0.006,28,26,4,Onagraceae,Lythraceae,FALSE,FALSE,FALSE
Oenothera,Decodon,145.271754,Onagraceae,no,TRUE,40,FALSE,NA,FALSE,genus,4.91705351,0.033,25,26,1,Onagraceae,Lythraceae,FALSE,FALSE,FALSE
Oenothera,Cuphea,145.271754,Onagraceae,no,TRUE,40,TRUE,NA,FALSE,genus,2.974182778,0.073,27,26,3,Onagraceae,Lythraceae,TRUE,FALSE,FALSE
Oenothera,Ammannia,145.271754,Onagraceae,no,FALSE,41,FALSE,NA,FALSE,genus,12.49609089,0.001,28,26,4,Onagraceae,Lythraceae,FALSE,FALSE,FALSE
Oenothera,Rhexia,186.639036,Onagraceae,no,TRUE,42,FALSE,NA,FALSE,genus,20.19223525,0.001,35,26,11,Onagraceae,Melastomataceae,FALSE,FALSE,FALSE
Opuntia,Consolea,12.756312,Cactaceae,no,FALSE,1,TRUE,FALSE,TRUE,genus,1.880706054,0.271,9,10,1,Cactaceae,Cactaceae,FALSE,FALSE,TRUE
Opuntia,Selenicereus,43.138369,Cactaceae,no,TRUE,20,TRUE,FALSE,TRUE,genus,1.880706054,0.261,9,10,1,Cactaceae,Cactaceae,FALSE,FALSE,TRUE
Opuntia,Escobaria,43.138369,Cactaceae,no,TRUE,21,TRUE,NA,TRUE,genus,1.938871741,0.09,9,10,1,Cactaceae,Cactaceae,FALSE,FALSE,TRUE
Opuntia,Harrisia,43.13837,Cactaceae,no,TRUE,26,TRUE,NA,FALSE,genus,1.845505906,0.23,12,10,4,Cactaceae,Cactaceae,TRUE,FALSE,TRUE
Opuntia,Rhipsalis,43.13837,Cactaceae,no,TRUE,27,TRUE,NA,FALSE,genus,2.473530735,0.088,9,10,1,Cactaceae,Cactaceae,FALSE,FALSE,TRUE
Heuchera,Tiarella,13.63241832,Saxifragaceae,no,FALSE,1,FALSE,FALSE,FALSE,genus,3.791423002,0.213,7,8,1,Saxifragaceae,Saxifragaceae,FALSE,FALSE,FALSE
Heuchera,Mitella,18.2942378,Saxifragaceae,no,FALSE,2,FALSE,FALSE,FALSE,genus,6.228849968,0.014,9,8,3,Saxifragaceae,Saxifragaceae,FALSE,FALSE,FALSE
Heuchera,Chrysosplenium,67.5345578,Saxifragaceae,no,FALSE,3,FALSE,FALSE,FALSE,genus,5.460038986,0.1,7,8,1,Saxifragaceae,Saxifragaceae,FALSE,FALSE,FALSE
Heuchera,Boykinia,70.033852,Saxifragaceae,no,TRUE,4,FALSE,FALSE,FALSE,genus,5.460038986,0.119,7,8,1,Saxifragaceae,Saxifragaceae,FALSE,FALSE,FALSE
Heuchera,Sullivantia,70.033853,Saxifragaceae,no,TRUE,5,TRUE,FALSE,TRUE,genus,0.487979207,0.803,7,8,1,Saxifragaceae,Saxifragaceae,FALSE,FALSE,FALSE
Heuchera,Astilbe,70.033853,Saxifragaceae,no,FALSE,20,FALSE,FALSE,FALSE,genus,5.930809206,0.064,8,8,2,Saxifragaceae,Saxifragaceae,FALSE,FALSE,FALSE
Heuchera,Saxifraga,95.202575,Saxifragaceae,no,FALSE,21,TRUE,NA,FALSE,genus,2.10659702,0.134,19,8,13,Saxifragaceae,Saxifragaceae,TRUE,FALSE,FALSE
Sideroxylon,Manilkara,37.210716,Sapotaceae,no,FALSE,1,TRUE,FALSE,TRUE,genus,1.07807571,0.532,8,9,1,Sapotaceae,Sapotaceae,FALSE,FALSE,FALSE
Sideroxylon,Chrysophyllum,38.741596,Sapotaceae,no,FALSE,20,TRUE,FALSE,TRUE,genus,2.305283912,0.21,8,9,1,Sapotaceae,Sapotaceae,FALSE,TRUE,FALSE
Sideroxylon,Stewartia,123.823598,Sapotaceae,no,TRUE,21,FALSE,NA,FALSE,genus,3.201307851,0.057,9,9,2,Sapotaceae,Theaceae,FALSE,FALSE,FALSE
Sideroxylon,Gordonia,123.823598,Sapotaceae,no,TRUE,43,FALSE,NA,FALSE,genus,3.42318612,0.103,8,NA,NA,Sapotaceae,Theaceae,FALSE,FALSE,FALSE
Sideroxylon,Franklinia,123.823598,Sapotaceae,no,FALSE,44,FALSE,NA,TRUE,genus,4.949211356,0.096,8,NA,NA,Sapotaceae,Theaceae,FALSE,FALSE,FALSE
Sideroxylon,Jacquinia,188.716382,Sapotaceae,no,TRUE,45,FALSE,NA,FALSE,genus,6.060214186,0.015,9,NA,NA,Sapotaceae,Primulaceae,FALSE,FALSE,FALSE
Sideroxylon,Primula,188.716382,Sapotaceae,no,TRUE,46,FALSE,NA,FALSE,genus,9.025404442,0.019,9,NA,NA,Sapotaceae,Primulaceae,FALSE,FALSE,FALSE
Sideroxylon,Samolus,188.716382,Sapotaceae,no,TRUE,47,FALSE,NA,FALSE,genus,6.490930599,0.011,9,NA,NA,Sapotaceae,Primulaceae,FALSE,FALSE,FALSE
Sideroxylon,Trientalis,188.716382,Sapotaceae,no,TRUE,48,TRUE,NA,TRUE,genus,1.807018927,0.199,8,NA,NA,Sapotaceae,Primulaceae,FALSE,FALSE,FALSE
Sideroxylon,Hottonia,188.716382,Sapotaceae,no,TRUE,49,FALSE,NA,FALSE,genus,3.991009464,0.098,8,NA,NA,Sapotaceae,Primulaceae,FALSE,FALSE,FALSE
Sideroxylon,Androsace,188.716382,Sapotaceae,no,TRUE,50,FALSE,NA,TRUE,genus,4.47011041,0.103,8,NA,NA,Sapotaceae,Primulaceae,FALSE,FALSE,FALSE
Sideroxylon,Ardisia,188.716382,Sapotaceae,no,TRUE,51,TRUE,NA,FALSE,genus,1.397476341,0.203,8,NA,NA,Sapotaceae,Primulaceae,TRUE,FALSE,FALSE
Clinopodium,Cunila,5.21067,Lamiaceae,no,FALSE,1,TRUE,FALSE,FALSE,genus,0.681481481,1,7,8,1,Lamiaceae,Lamiaceae,TRUE,FALSE,FALSE
Penstemon,Chelone,23.37636,Plantaginaceae,no,FALSE,1,FALSE,FALSE,FALSE,genus,7.146059499,0.004,21,19,4,Plantaginaceae,Plantaginaceae,FALSE,FALSE,FALSE
Penstemon,Collinsia,47.973044,Plantaginaceae,no,FALSE,2,TRUE,FALSE,FALSE,genus,0.471256943,0.643,20,19,3,Plantaginaceae,Plantaginaceae,TRUE,FALSE,FALSE
Lysimachia,Trientalis,54.797924,Primulaceae,no,FALSE,1,TRUE,FALSE,TRUE,genus,0.709937731,0.737,13,14,1,Primulaceae,Primulaceae,FALSE,FALSE,FALSE
Lysimachia,Anagallis,60.52027,Primulaceae,no,FALSE,20,TRUE,FALSE,TRUE,genus,2.624987263,0.044,14,14,2,Primulaceae,Primulaceae,FALSE,FALSE,FALSE
Lysimachia,Myrsine,68.373135,Primulaceae,no,TRUE,21,TRUE,NA,FALSE,genus,0.785293839,0.596,13,14,1,Primulaceae,Primulaceae,TRUE,FALSE,FALSE
Cornus,Nyssa,185.202672,Cornaceae,no,FALSE,1,FALSE,FALSE,FALSE,genus,4.173434025,0.029,11,10,3,Cornaceae,Nyssaceae,FALSE,FALSE,FALSE
Cornus,Philadelphus,195.97513,Cornaceae,no,TRUE,2,TRUE,TRUE,FALSE,genus,1.023121996,0.362,12,10,4,Cornaceae,Hydrangeaceae,FALSE,FALSE,FALSE
Cornus,Mentzelia,195.97513,Cornaceae,no,TRUE,13,TRUE,TRUE,FALSE,genus,2.3492437,0.065,10,10,2,Cornaceae,Loasaceae,FALSE,FALSE,FALSE
Cornus,Hydrangea,195.97513,Cornaceae,no,TRUE,30,TRUE,NA,FALSE,genus,1.172946089,0.442,11,10,3,Cornaceae,Hydrangeaceae,TRUE,FALSE,FALSE
Cornus,Decumaria,195.97513,Cornaceae,no,FALSE,31,TRUE,NA,TRUE,genus,0.627103975,0.65,9,10,1,Cornaceae,Hydrangeaceae,FALSE,FALSE,FALSE
Uvularia,Zigadenus,168.370503,Colchicaceae,no,FALSE,1,TRUE,TRUE,FALSE,genus,0.370833333,0.666666667,4,5,1,Colchicaceae,Melanthiaceae,FALSE,FALSE,FALSE
Uvularia,Trillium,168.370504,Colchicaceae,no,TRUE,18,FALSE,FALSE,FALSE,genus,5.079984174,0.02,32,5,29,Colchicaceae,Melanthiaceae,FALSE,FALSE,FALSE
Uvularia,Veratrum,168.370504,Colchicaceae,no,TRUE,19,TRUE,FALSE,FALSE,genus,1.901748041,0.158,5,5,2,Colchicaceae,Melanthiaceae,TRUE,FALSE,FALSE
Phacelia,Ellisia,47.988354,Boraginaceae,yes,FALSE,1,TRUE,FALSE,FALSE,genus,0.288465881,1,18,19,1,Boraginaceae,Boraginaceae,TRUE,FALSE,FALSE
Hydrophyllum,Nama,72.258662,Boraginaceae,yes,FALSE,1,FALSE,FALSE,FALSE,genus,62.66666667,0.066666667,4,4,2,Boraginaceae,Boraginaceae,FALSE,FALSE,FALSE
Hydrophyllum,Tournefortia,91.495706,Boraginaceae,yes,TRUE,2,FALSE,FALSE,FALSE,genus,13.21428571,0.031,5,4,3,Boraginaceae,Boraginaceae,FALSE,FALSE,FALSE
Hydrophyllum,Heliotropium,91.495706,Boraginaceae,yes,FALSE,3,FALSE,FALSE,FALSE,genus,6.656804734,0.028,6,4,4,Boraginaceae,Boraginaceae,FALSE,FALSE,FALSE
Hydrophyllum,Bourreria,93.964696,Boraginaceae,yes,FALSE,4,FALSE,FALSE,FALSE,genus,4.947089947,0.15,5,4,3,Boraginaceae,Boraginaceae,FALSE,FALSE,FALSE
Hydrophyllum,Cordia,95.520804,Boraginaceae,yes,FALSE,5,TRUE,TRUE,FALSE,genus,2.222222222,0.333333333,4,4,2,Boraginaceae,Boraginaceae,FALSE,FALSE,FALSE
Hydrophyllum,Cynoglossum,122.367573,Boraginaceae,yes,TRUE,18,FALSE,FALSE,FALSE,genus,3.6,0.4,3,4,1,Boraginaceae,Boraginaceae,FALSE,FALSE,FALSE
Hydrophyllum,Plagiobothrys,122.367574,Boraginaceae,yes,TRUE,19,FALSE,FALSE,FALSE,genus,58.71428571,0.029,6,4,4,Boraginaceae,Boraginaceae,FALSE,FALSE,FALSE
Hydrophyllum,Onosmodium,122.367574,Boraginaceae,yes,TRUE,20,FALSE,NA,FALSE,genus,20.13333333,0.066666667,4,4,2,Boraginaceae,Boraginaceae,FALSE,FALSE,FALSE
Hydrophyllum,Myosotis,122.367574,Boraginaceae,yes,TRUE,23,TRUE,NA,FALSE,genus,2.54834685,0.026,5,4,3,Boraginaceae,Boraginaceae,TRUE,FALSE,FALSE
Hydrophyllum,Lithospermum,122.367574,Boraginaceae,yes,TRUE,24,TRUE,NA,FALSE,genus,2.673382756,0.12,8,4,6,Boraginaceae,Boraginaceae,FALSE,FALSE,FALSE
Hydrophyllum,Lappula,122.367574,Boraginaceae,yes,FALSE,25,FALSE,NA,TRUE,genus,62.66666667,0.066666667,4,4,2,Boraginaceae,Boraginaceae,FALSE,FALSE,FALSE
Nemophila,Euploca,91.495705,Boraginaceae,yes,FALSE,1,TRUE,FALSE,FALSE,genus,1.24667349,0.4,3,3,2,Boraginaceae,Boraginaceae,TRUE,FALSE,FALSE
Campanula,Lobelia,91.18014,Campanulaceae,yes,FALSE,1,TRUE,FALSE,FALSE,genus,0.033780872,0.959,24,6,20,Campanulaceae,Campanulaceae,TRUE,FALSE,FALSE
Triodanis,Menyanthes,166.405532,Campanulaceae,yes,TRUE,1,FALSE,FALSE,FALSE,genus,9.833333333,0.333333333,1,2,1,Campanulaceae,Menyanthaceae,FALSE,FALSE,FALSE
Triodanis,Scaevola,166.405531,Campanulaceae,yes,TRUE,2,FALSE,FALSE,FALSE,genus,99,0.333333333,2,2,2,Campanulaceae,Goodeniaceae,FALSE,FALSE,FALSE
Triodanis,Nymphoides,166.405531,Campanulaceae,yes,FALSE,3,FALSE,FALSE,FALSE,genus,99,0.333333333,2,2,2,Campanulaceae,Menyanthaceae,FALSE,FALSE,FALSE
Triodanis,Ammoselinum,187.460422,Campanulaceae,yes,FALSE,4,FALSE,FALSE,FALSE,genus,5.685185185,0.333333333,1,2,1,Campanulaceae,Apiaceae,FALSE,FALSE,FALSE
Triodanis,Oxypolis,187.460423,Campanulaceae,yes,TRUE,5,FALSE,FALSE,FALSE,genus,63.7755102,0.053,5,2,5,Campanulaceae,Apiaceae,FALSE,FALSE,FALSE
Triodanis,Viburnum,187.460423,Campanulaceae,yes,TRUE,6,TRUE,FALSE,FALSE,genus,1.272135626,0.353,16,2,16,Campanulaceae,Adoxaceae,TRUE,FALSE,FALSE
Asteraceae,Goodeniaceae,114.098022,Asteraceae,NA,FALSE,8,FALSE,FALSE,FALSE,family,4.388736449,0.008,30,30,2,Asteraceae,Goodeniaceae,FALSE,FALSE,TRUE
Asteraceae,Araliaceae,187.460424,Asteraceae,NA,TRUE,9,FALSE,FALSE,FALSE,family,3.220161241,0.031,41,30,13,Asteraceae,Araliaceae,FALSE,FALSE,TRUE
Asteraceae,Caprifoliaceae,187.460424,Asteraceae,NA,FALSE,10,FALSE,FALSE,FALSE,family,3.558018095,0.015,53,30,25,Asteraceae,Caprifoliaceae,FALSE,FALSE,TRUE
Asteraceae,Gentianaceae,213.48282,Asteraceae,NA,TRUE,11,TRUE,FALSE,FALSE,family,1.95058834,0.123,58,30,30,Asteraceae,Gentianaceae,TRUE,FALSE,TRUE